Url,Index,Title,Author,Stars,Ratings,Price
https://www.amazon.in//Ikigai-H%C3%A9ctor-Garc%C3%ADa/dp/178633089X/ref=zg_bs_books_1/259-6257366-4988529?_encoding=UTF8&psc=1&refRID=8AAQ2B87Q37Z8BMNWA0Y,#1,Ikigai: The Japanese secret to a long and happy life,Héctor García,4.6 out of 5 stars,20.539,290.00
https://www.amazon.in//My-First-Library-Boxset-Board/dp/9387779262/ref=zg_bs_books_2/259-6257366-4988529?_encoding=UTF8&psc=1&refRID=8AAQ2B87Q37Z8BMNWA0Y,#2,My First Library: Boxset of 10 Board Books for Kids,Wonder House Books,4.5 out of 5 stars,33.042,429.00
https://www.amazon.in//Psychology-Money-Morgan-Housel/dp/9390166268/ref=zg_bs_books_3/259-6257366-4988529?_encoding=UTF8&psc=1&refRID=8AAQ2B87Q37Z8BMNWA0Y,#3,The Psychology of Money,Morgan Housel,4.6 out of 5 stars,15.103,255.00
https://www.amazon.in//Atomic-Habits-James-Clear/dp/1847941834/ref=zg_bs_books_4/259-6257366-4988529?_encoding=UTF8&psc=1&refRID=8AAQ2B87Q37Z8BMNWA0Y,#4,Atomic Habits: The life-changing million copy bestseller,James Clear,4.6 out of 5 stars,24.037,531.00
https://www.amazon.in//Rich-Dad-Poor-Middle-Updates/dp/1612680194/ref=zg_bs_books_5/259-6257366-4988529?_encoding=UTF8&psc=1&refRID=8AAQ2B87Q37Z8BMNWA0Y,#5,Rich Dad Poor Dad: What the Rich Teach Their Kids About Money That the Poor and Middle Class Do Not!,Robert T. Kiyosaki,4.6 out of 5 stars,45.856,317.00
https://www.amazon.in//Picture-Books-Collection-Early-Learning/dp/B01M0QGF0P/ref=zg_bs_books_6/259-6257366-4988529?_encoding=UTF8&psc=1&refRID=8AAQ2B87Q37Z8BMNWA0Y,#6,Picture Books Collection for Early Learning (Set of 12),E C Axus,4.3 out of 5 stars,9.291,240.00
https://www.amazon.in//Worlds-Greatest-Personal-Growth-Wealth/dp/9389432014/ref=zg_bs_books_7/259-6257366-4988529?_encoding=UTF8&psc=1&refRID=8AAQ2B87Q37Z8BMNWA0Y,#7,World’s Greatest Books For Personal Growth & Wealth (Set of 4 Books): Perfect Motivational Gift Set,Dale Carnegie,4.5 out of 5 stars,10.67,548.00
https://www.amazon.in//Word-Power-Made-Norman-Lewis/dp/0143424688/ref=zg_bs_books_8/259-6257366-4988529?_encoding=UTF8&psc=1&refRID=8AAQ2B87Q37Z8BMNWA0Y,#8,Word Power Made Easy,Norman Lewis,4.4 out of 5 stars,25.667,91.00
https://www.amazon.in//First-Mythology-Tale-Illustrated-Books/dp/9390292964/ref=zg_bs_books_9/259-6257366-4988529?_encoding=UTF8&psc=1&refRID=8AAQ2B87Q37Z8BMNWA0Y,#9,"My First Mythology Tale (Illustrated) (Set of 5 Books) - Mahabharata, Krishna, Hanuman, Ganesha, Ramayana - Story Book for Kids",Maple Press,4.4 out of 5 stars,1.119,131.00
https://www.amazon.in//First-Book-Patterns-Pencil-Control/dp/9387779319/ref=zg_bs_books_10/259-6257366-4988529?_encoding=UTF8&psc=1&refRID=8AAQ2B87Q37Z8BMNWA0Y,#10,My First Book of Pencil Control : Practice Pattern Writing (Full Color Pages): Patterns Practice book for kids (Pattern Writing),Wonder House Books,4.4 out of 5 stars,9.383,89.00
https://www.amazon.in//Grandmas-Bag-Stories-Sudha-Murty/dp/0143333623/ref=zg_bs_books_11/259-6257366-4988529?_encoding=UTF8&psc=1&refRID=8AAQ2B87Q37Z8BMNWA0Y,#11,"Grandma's Bag of Stories: Collection of 20+ Illustrated short stories, traditional Indian folk tales for all ages for children of all ages by Sudha Murty",Sudha Murty,4.6 out of 5 stars,8.325,192.00
https://www.amazon.in//Alchemist-Paulo-Coelho/dp/8172234988/ref=zg_bs_books_12/259-6257366-4988529?_encoding=UTF8&psc=1&refRID=8AAQ2B87Q37Z8BMNWA0Y,#12,The Alchemist,Paulo Coelho,4.6 out of 5 stars,62.171,191.00
https://www.amazon.in//KAREENA-KAPOOR-KHANS-PREGNANCY-BIBLE/dp/939116577X/ref=zg_bs_books_13/259-6257366-4988529?_encoding=UTF8&psc=1&refRID=8AAQ2B87Q37Z8BMNWA0Y,#13,KAREENA KAPOOR KHAN’S PREGNANCY BIBLE: The ultimate manual for moms-to-be,Kareena Kapoor,5.0 out of 5 stars,1.0,373.00
https://www.amazon.in//Writing-Fun-Set-Books-Practice/dp/9387779777/ref=zg_bs_books_14/259-6257366-4988529?_encoding=UTF8&psc=1&refRID=8AAQ2B87Q37Z8BMNWA0Y,#14,"Writing Practice Boxset: Pack of 4 Books (Writing Fun: Write and Practice Capital Letters, Small Letters, Patterns and Numbers 1 to 10)",Wonder House Books,4.3 out of 5 stars,4.886,189.00
https://www.amazon.in//Quantitative-Aptitude-Competitive-Examinations-Aggarwal/dp/9352534026/ref=zg_bs_books_15/259-6257366-4988529?_encoding=UTF8&psc=1&refRID=8AAQ2B87Q37Z8BMNWA0Y,#15,Quantitative Aptitude for Competitive Examinations,R S Aggarwal,4.4 out of 5 stars,16.367,419.00
https://www.amazon.in//First-Sight-Words-Sentences-Level/dp/9387971996/ref=zg_bs_books_16/259-6257366-4988529?_encoding=UTF8&psc=1&refRID=8AAQ2B87Q37Z8BMNWA0Y,#16,Very First Sight Words Sentences Level - 1,Dreamland Publications,4.5 out of 5 stars,5.514,140.00
https://www.amazon.in//Educart-MATHEMATICS-Objective-Question-Pattern/dp/9391401570/ref=zg_bs_books_17/259-6257366-4988529?_encoding=UTF8&psc=1&refRID=8AAQ2B87Q37Z8BMNWA0Y,#17,Educart MATHEMATICS Term 1 Objective Question Bank Class 10 CBSE 2022 (100s of New Pattern MCQs Per Chapter),Educart,5.0 out of 5 stars,1.0,215.00
https://www.amazon.in//Attitude-Everything-Change-Your-Life/dp/9351772071/ref=zg_bs_books_18/259-6257366-4988529?_encoding=UTF8&psc=1&refRID=8AAQ2B87Q37Z8BMNWA0Y,#18,Attitude Is Everything: Change Your Attitude ... Change Your Life!,Jeff Keller,4.5 out of 5 stars,11.844,158.00
https://www.amazon.in//Indian-Polity-Civil-Services-Examinations/dp/B07Y3CJJCR/ref=zg_bs_books_19/259-6257366-4988529?_encoding=UTF8&psc=1&refRID=8AAQ2B87Q37Z8BMNWA0Y,#19,Indian Polity - For Civil Services and Other State Examinations | 6th Edition,M. Laxmikanth,4.6 out of 5 stars,13.863,609.00
https://www.amazon.in//Oxford-Student-Atlas-India-Third/dp/0190123281/ref=zg_bs_books_20/259-6257366-4988529?_encoding=UTF8&psc=1&refRID=8AAQ2B87Q37Z8BMNWA0Y,#20,Oxford Student Atlas for India - Third Edition,Oxford University Press,4.6 out of 5 stars,9.069,237.00
https://www.amazon.in//Great-Stories-Children-Ruskin-Bond/dp/8129118920/ref=zg_bs_books_21/259-6257366-4988529?_encoding=UTF8&psc=1&refRID=8AAQ2B87Q37Z8BMNWA0Y,#21,Great Stories for Children,Ruskin Bond,4.5 out of 5 stars,6.026,117.00
https://www.amazon.in//Karma-PUBLISHERS-BESTSELLER-spirituality-self-improvement/dp/0143452673/ref=zg_bs_books_22/259-6257366-4988529?_encoding=UTF8&psc=1&refRID=8AAQ2B87Q37Z8BMNWA0Y,#22,"Karma: A Yogi's Guide to Crafting Your Destiny NEW YORK TIMES, USA TODAY, and PUBLISHERS WEEKLY BESTSELLER , must-read book on spirituality and self-improvement by Sadhguru",Sadhguru,4.7 out of 5 stars,3.682,197.00
https://www.amazon.in//101-Panchatantra-Stories-Children-Illustrated/dp/935376517X/ref=zg_bs_books_23/259-6257366-4988529?_encoding=UTF8&psc=1&refRID=8AAQ2B87Q37Z8BMNWA0Y,#23,101 Panchatantra Stories for Children: Colourful Illustrated Stories,Om Books Editorial Team,4.5 out of 5 stars,3.03,158.00
https://www.amazon.in//As-Man-Thinketh-James-Allen/dp/9386538172/ref=zg_bs_books_24/259-6257366-4988529?_encoding=UTF8&psc=1&refRID=8AAQ2B87Q37Z8BMNWA0Y,#24,As a Man Thinketh,James Allen,4.4 out of 5 stars,3.644,125.00
https://www.amazon.in//Activity-Books-Collection-Learning-InIkao/dp/8193752333/ref=zg_bs_books_25/259-6257366-4988529?_encoding=UTF8&psc=1&refRID=8AAQ2B87Q37Z8BMNWA0Y,#25,Activity Books Collection for Early Learning by InIkao : Set of 8 Activity Books for Kindergarten kids,InIkao,4.2 out of 5 stars,844.0,149.00
https://www.amazon.in//Objective-NCERT-your-FINGERTIPS-NEET-AIIMS/dp/9389971241/ref=zg_bs_books_26/259-6257366-4988529?_encoding=UTF8&psc=1&refRID=8AAQ2B87Q37Z8BMNWA0Y,#26,Objective NCERT at your FINGERTIPS for NEET-AIIMS - Biology,MTG Editorial Board,4.6 out of 5 stars,3.7,543.00
https://www.amazon.in//General-Knowledge-Dr-Binay-Karna/dp/9384761540/ref=zg_bs_books_27/259-6257366-4988529?_encoding=UTF8&psc=1&refRID=8AAQ2B87Q37Z8BMNWA0Y,#27,General Knowledge,Dr. Binay Karna,4.4 out of 5 stars,14.341,151.00
https://www.amazon.in//Mans-Search-Meaning-Viktor-Frankl/dp/1846041244/ref=zg_bs_books_28/259-6257366-4988529?_encoding=UTF8&psc=1&refRID=8AAQ2B87Q37Z8BMNWA0Y,#28,Man's Search For Meaning: The classic tribute to hope from the Holocaust,Viktor E Frankl,4.5 out of 5 stars,33.839,173.00
https://www.amazon.in//Brain-Games-Clever-Kids-Buster/dp/1780552491/ref=zg_bs_books_29/259-6257366-4988529?_encoding=UTF8&psc=1&refRID=8AAQ2B87Q37Z8BMNWA0Y,#29,"Brain Games for Clever Kids: Puzzles to Exercise Your Mind (Buster Brain Games, 1)",Gareth Moore,4.3 out of 5 stars,5.652,180.00
https://www.amazon.in//Years-Prelims-Topic-wise-Solved-Papers/dp/8194815010/ref=zg_bs_books_30/259-6257366-4988529?_encoding=UTF8&psc=1&refRID=8AAQ2B87Q37Z8BMNWA0Y,#30,26 Years UPSC IAS/ IPS Prelims Topic-wise Solved Papers 1 & 2 (1995 - 2020) 11th Edition,Mrunal Patel,4.5 out of 5 stars,4.093,309.00
https://www.amazon.in//Samanya-Hindi-Practice-Booklet-teaching/dp/B09B56QC78/ref=zg_bs_books_31/259-6257366-4988529?_encoding=UTF8&psc=1&refRID=8AAQ2B87Q37Z8BMNWA0Y,#31,"Samanya Hindi Practice Booklet for teaching exams (DSSSB, KVS, NVS, HTET, UPTET, Etc.) by Arun Sir",UNIFOX PUBLICATION,5.0 out of 5 stars,3.0,199.00
https://www.amazon.in//Sapiens-Humankind-Yuval-Noah-Harari/dp/0099590085/ref=zg_bs_books_32/259-6257366-4988529?_encoding=UTF8&psc=1&refRID=8AAQ2B87Q37Z8BMNWA0Y,#32,Sapiens: A Brief History of Humankind,Yuval Noah Harari,4.7 out of 5 stars,36.72,429.00
https://www.amazon.in//Animals-Tales-Panchtantra-Timeless-Children/dp/9389178118/ref=zg_bs_books_33/259-6257366-4988529?_encoding=UTF8&psc=1&refRID=8AAQ2B87Q37Z8BMNWA0Y,#33,Animals Tales From Panchtantra: Timeless Stories for Children From Ancient India,Wonder House Books,4.6 out of 5 stars,1.495,159.00
https://www.amazon.in//PMF-IAS-Environment-2021-22/dp/B09BLK2L12/ref=zg_bs_books_34/259-6257366-4988529?_encoding=UTF8&psc=1&refRID=8AAQ2B87Q37Z8BMNWA0Y,#34,PMF IAS Environment 2021-22,PMF IAS,5.0 out of 5 stars,22.0,665.00
https://www.amazon.in//Wuthering-Heights-Emily-Bront%C3%AB/dp/8172344899/ref=zg_bs_books_35/259-6257366-4988529?_encoding=UTF8&psc=1&refRID=8AAQ2B87Q37Z8BMNWA0Y,#35,Wuthering Heights,Emily Brontë,4.5 out of 5 stars,13.269,99.00
https://www.amazon.in//Magic-Lost-Temple-Sudha-Murty/dp/014333316X/ref=zg_bs_books_36/259-6257366-4988529?_encoding=UTF8&psc=1&refRID=8AAQ2B87Q37Z8BMNWA0Y,#36,"The Magic of the Lost Temple: Illustrated, easy to read and much-loved first full length children’s fiction novel by Sudha Murty for ages 8–12",Sudha Murty,4.7 out of 5 stars,3.812,136.00
https://www.amazon.in//Moral-Story-Books-Illustrated-Stories/dp/9381569886/ref=zg_bs_books_37/259-6257366-4988529?_encoding=UTF8&psc=1&refRID=8AAQ2B87Q37Z8BMNWA0Y,#37,Moral Story Books for Kids (Pack of 10 Books) | 160 Total Pages | Illustrated Stories,Young Angels Publishing,4.3 out of 5 stars,1.635,225.00
https://www.amazon.in//Brief-History-Modern-India-2020-21/dp/817930759X/ref=zg_bs_books_38/259-6257366-4988529?_encoding=UTF8&psc=1&refRID=8AAQ2B87Q37Z8BMNWA0Y,#38,A Brief History of Modern India - 2020-21/edition,Rajiv Ahir,4.4 out of 5 stars,1.454,255.00
https://www.amazon.in//Think-Like-Monk-Jay-Shetty/dp/0008386595/ref=zg_bs_books_39/259-6257366-4988529?_encoding=UTF8&psc=1&refRID=8AAQ2B87Q37Z8BMNWA0Y,#39,Think Like a Monk: The secret of how to harness the power of positivity and be happy now,Jay Shetty,4.7 out of 5 stars,16.734,304.00
https://www.amazon.in//First-1000-Words-Transport-Professions/dp/9388144112/ref=zg_bs_books_40/259-6257366-4988529?_encoding=UTF8&psc=1&refRID=8AAQ2B87Q37Z8BMNWA0Y,#40,"My First 1000 Words: Early Learning Picture Book to Learn Alphabet, Numbers, Shapes and Colours, Transport, Birds and Animals, Professions, Opposite ... Parts of The Body and Objects Around Us.",Wonder House Books,4.5 out of 5 stars,3.18,149.00
https://www.amazon.in//Intelligent-Investor-English-Paperback-2013/dp/0062312685/ref=zg_bs_books_41/259-6257366-4988529?_encoding=UTF8&psc=1&refRID=8AAQ2B87Q37Z8BMNWA0Y,#41,The Intelligent Investor (English) Paperback – 2013,Benjamin Graham,4.5 out of 5 stars,26.983,480.00
https://www.amazon.in//Modern-Approach-Verbal-Non-Verbal-Reasoning/dp/9352832167/ref=zg_bs_books_42/259-6257366-4988529?_encoding=UTF8&psc=1&refRID=8AAQ2B87Q37Z8BMNWA0Y,#42,A Modern Approach To Verbal & Non-Verbal Reasoning (2 Colour Edition),R.S. Aggarwal,4.4 out of 5 stars,7.341,527.00
https://www.amazon.in//Power-Your-Subconscious-Mind-Success/dp/8172345666/ref=zg_bs_books_43/259-6257366-4988529?_encoding=UTF8&psc=1&refRID=8AAQ2B87Q37Z8BMNWA0Y,#43,The Power of Your Subconscious Mind,Joseph Murphy,4.5 out of 5 stars,38.431,199.00
https://www.amazon.in//School-English-Grammar-Composition-Regular/dp/9352530144/ref=zg_bs_books_44/259-6257366-4988529?_encoding=UTF8&psc=1&refRID=8AAQ2B87Q37Z8BMNWA0Y,#44,Wren & Martin High School English Grammar And Composition Book (Regular Edition),Rao N,4.5 out of 5 stars,5.865,311.00
https://www.amazon.in//Lifes-Amazing-Secrets-Balance-Purpose/dp/0143442295/ref=zg_bs_books_45/259-6257366-4988529?_encoding=UTF8&psc=1&refRID=8AAQ2B87Q37Z8BMNWA0Y,#45,Life's Amazing Secrets: How to Find Balance and Purpose in Your Life,Gaur Gopal Das,4.6 out of 5 stars,10.291,202.00
https://www.amazon.in//One-Arranged-Murder-Chetan-Bhagat/dp/1542094135/ref=zg_bs_books_46/259-6257366-4988529?_encoding=UTF8&psc=1&refRID=8AAQ2B87Q37Z8BMNWA0Y,#46,One Arranged Murder,Chetan Bhagat,4.3 out of 5 stars,13.148,138.00
https://www.amazon.in//Monk-Who-Sold-His-Ferrari/dp/817992162X/ref=zg_bs_books_47/259-6257366-4988529?_encoding=UTF8&psc=1&refRID=8AAQ2B87Q37Z8BMNWA0Y,#47,The Monk Who Sold His Ferrari,Robin Sharma,4.5 out of 5 stars,16.22,147.00
https://www.amazon.in//Certificate-Physics-Human-Geography-Indian/dp/0195628160/ref=zg_bs_books_48/259-6257366-4988529?_encoding=UTF8&psc=1&refRID=8AAQ2B87Q37Z8BMNWA0Y,#48,Certificate Physical And Human Geography; Indian Edition,Goh Cheng Leong,4.5 out of 5 stars,7.921,325.00
https://www.amazon.in//Richest-Man-Babylon-George-Clason/dp/9388144317/ref=zg_bs_books_49/259-6257366-4988529?_encoding=UTF8&psc=1&refRID=8AAQ2B87Q37Z8BMNWA0Y,#49,The Richest Man in Babylon,George S. Clason,4.5 out of 5 stars,20.702,150.00
https://www.amazon.in//Objective-General-English-S-P-Bakshi/dp/9351768449/ref=zg_bs_books_50/259-6257366-4988529?_encoding=UTF8&psc=1&refRID=8AAQ2B87Q37Z8BMNWA0Y,#50,Objective General English,S.P. Bakshi,4.3 out of 5 stars,9.183,197.00
https://www.amazon.in//Eat-That-Frog-Great-Procrastinating/dp/152309513X/ref=zg_bs_books_51/258-2963089-5794142?_encoding=UTF8&psc=1&refRID=87CD63RJ6C554TZZ91FT,#51,Eat That Frog!: 21 Great Ways to Stop Procrastinating and Get More Done in Less Time,Brian Tracy,4.6 out of 5 stars,3.622,202.00
https://www.amazon.in//Wings-Fire-Autobiography-Abdul-Kalam/dp/8173711461/ref=zg_bs_books_52/258-2963089-5794142?_encoding=UTF8&psc=1&refRID=87CD63RJ6C554TZZ91FT,#52,Wings of Fire: An Autobiography of Abdul Kalam,Arun Tiwari,4.6 out of 5 stars,8.685,308.00
https://www.amazon.in//Childrens-Encyclopedia-Scientists-Discoveries-Familiarises/dp/9350570394/ref=zg_bs_books_53/258-2963089-5794142?_encoding=UTF8&psc=1&refRID=87CD63RJ6C554TZZ91FT,#53,"Children's Encyclopedia - Scientists, Inventions And Discoveries: The World of Knowledge",MANASVI VOHRA,4.3 out of 5 stars,2.493,120.00
https://www.amazon.in//Pride-Prejudice-Jane-Austen/dp/8172344503/ref=zg_bs_books_54/258-2963089-5794142?_encoding=UTF8&psc=1&refRID=87CD63RJ6C554TZZ91FT,#54,Pride & Prejudice,Jane Austen,4.5 out of 5 stars,22.063,129.00
https://www.amazon.in//Objective-NCERT-your-Fingertips-NEET-AIIMS/dp/9389971268/ref=zg_bs_books_55/258-2963089-5794142?_encoding=UTF8&psc=1&refRID=87CD63RJ6C554TZZ91FT,#55,Objective NCERT at your Fingertips for NEET-AIIMS - Chemistry,MTG Editorial Board,4.5 out of 5 stars,1.116,450.00
https://www.amazon.in//505-Activities-Kids-Dreamland-Publications/dp/935089968X/ref=zg_bs_books_56/258-2963089-5794142?_encoding=UTF8&psc=1&refRID=87CD63RJ6C554TZZ91FT,#56,505 Activities For Kids,Dreamland Publications,4.4 out of 5 stars,4.589,169.00
https://www.amazon.in//Bhagavad-Gita-Bhaktivendanta-Swami-Prabhupada/dp/938598618X/ref=zg_bs_books_57/258-2963089-5794142?_encoding=UTF8&psc=1&refRID=87CD63RJ6C554TZZ91FT,#57,Bhagavad Gita: Yatharoop - Hindi,A.C. Bhaktivendanta Swami Prabhupada,4.7 out of 5 stars,8.645,179.00
https://www.amazon.in//First-All-One-Bilingual-Hindi-English/dp/9388144457/ref=zg_bs_books_58/258-2963089-5794142?_encoding=UTF8&psc=1&refRID=87CD63RJ6C554TZZ91FT,#58,My First All in One: Bilingual Picture Book for Kids Hindi-English,Wonder House Books,4.4 out of 5 stars,1.392,99.00
https://www.amazon.in//Rich-Dad-Poor-Robert-Kiyosaki/dp/8186775218/ref=zg_bs_books_59/258-2963089-5794142?_encoding=UTF8&psc=1&refRID=87CD63RJ6C554TZZ91FT,#59,Rich Dad Poor Dad - 20Th Anniversary Edition - Hindi,Robert T. Kiyosaki,4.5 out of 5 stars,6.77,206.00
https://www.amazon.in//Thinking-Fast-Penguin-Press-Non-Fiction/dp/0141033576/ref=zg_bs_books_60/258-2963089-5794142?_encoding=UTF8&psc=1&refRID=87CD63RJ6C554TZZ91FT,#60,"Thinking, Fast and Slow (Penguin Press Non-Fiction)",Daniel Kahneman,4.4 out of 5 stars,19.952,365.00
https://www.amazon.in//Autobiography-Yogi-Paramahansa-Yogananda/dp/8172345364/ref=zg_bs_books_61/258-2963089-5794142?_encoding=UTF8&psc=1&refRID=87CD63RJ6C554TZZ91FT,#61,Autobiography of a Yogi,Paramahansa Yogananda,4.6 out of 5 stars,4.519,99.00
https://www.amazon.in//Deep-Work-Focused-Success-Distracted/dp/0349413681/ref=zg_bs_books_62/258-2963089-5794142?_encoding=UTF8&psc=1&refRID=87CD63RJ6C554TZZ91FT,#62,Deep Work: Rules for Focused Success in a Distracted World,Cal Newport,4.5 out of 5 stars,7.857,278.00
https://www.amazon.in//Avchetan-Shakti-Power-Subconscious-Hindi/dp/8175993669/ref=zg_bs_books_63/258-2963089-5794142?_encoding=UTF8&psc=1&refRID=87CD63RJ6C554TZZ91FT,#63,Apke Avchetan Man Ki Shakti (The Power of your Subconscious Mind in Hindi),Joseph Murphy,4.4 out of 5 stars,4.341,99.00
https://www.amazon.in//Ruskin-Bond-Selling-Children-Collection/dp/8131964817/ref=zg_bs_books_64/258-2963089-5794142?_encoding=UTF8&psc=1&refRID=87CD63RJ6C554TZZ91FT,#64,Ruskin Bond - Best Selling Children Story Books Collection (Set of 4 Books),Ruskin Bond,4.5 out of 5 stars,1.875,419.00
https://www.amazon.in//First-Learning-Library-Box-Set/dp/9388369882/ref=zg_bs_books_65/258-2963089-5794142?_encoding=UTF8&psc=1&refRID=87CD63RJ6C554TZZ91FT,#65,My First Complete Learning Library: Boxset of 20 Board Books Gift Set for Kids (Horizontal Design),Wonder House Books,4.6 out of 5 stars,6.332,"1,135.00"
https://www.amazon.in//Silent-Patient-Alex-Michaelides/dp/1409181634/ref=zg_bs_books_66/258-2963089-5794142?_encoding=UTF8&psc=1&refRID=87CD63RJ6C554TZZ91FT,#66,"The Silent Patient: The record-breaking, multimillion copy Sunday Times bestselling thriller and Richard & Judy book club pick",Alex Michaelides,4.5 out of 5 stars,76.15,244.00
https://www.amazon.in//Think-Grow-Rich-Napoleon-Hill/dp/8192910911/ref=zg_bs_books_67/258-2963089-5794142?_encoding=UTF8&psc=1&refRID=87CD63RJ6C554TZZ91FT,#67,Think and Grow Rich,Napoleon Hill,4.5 out of 5 stars,54.429,141.00
https://www.amazon.in//Power-Your-Subconscious-Mind/dp/8194790832/ref=zg_bs_books_68/258-2963089-5794142?_encoding=UTF8&psc=1&refRID=87CD63RJ6C554TZZ91FT,#68,The Power of Your Subconscious Mind,Joseph Murphy,4.5 out of 5 stars,38.431,159.00
https://www.amazon.in//My-First-Little-Librarian-Boxset/dp/B08MLC2GD6/ref=zg_bs_books_69/258-2963089-5794142?_encoding=UTF8&psc=1&refRID=87CD63RJ6C554TZZ91FT,#69,My First Little Librarian: Boxset of 12 Best Board Books for Kids,THE BOOK TREE,4.5 out of 5 stars,966.0,405.00
https://www.amazon.in//Best-Childrens-Classics-Set-Books/dp/9389432006/ref=zg_bs_books_70/258-2963089-5794142?_encoding=UTF8&psc=1&refRID=87CD63RJ6C554TZZ91FT,#70,Best of Children’s Classics (Set of 5 Books): Perfect Gift Set for Kids,Antoine de Saint-Exupéry,4.4 out of 5 stars,1.538,794.63
https://www.amazon.in//General-Knowledge-2022-Manohar-Pandey/dp/932529558X/ref=zg_bs_books_71/258-2963089-5794142?_encoding=UTF8&psc=1&refRID=87CD63RJ6C554TZZ91FT,#71,General Knowledge 2022,Manohar Pandey,4.3 out of 5 stars,748.0,133.00
https://www.amazon.in//Who-Will-Cry-When-You/dp/8179922324/ref=zg_bs_books_72/258-2963089-5794142?_encoding=UTF8&psc=1&refRID=87CD63RJ6C554TZZ91FT,#72,Who Will Cry When You Die?,Robin Sharma,4.5 out of 5 stars,10.57,130.00
https://www.amazon.in//First-Sight-Words-Sentences-Level/dp/9388371305/ref=zg_bs_books_73/258-2963089-5794142?_encoding=UTF8&psc=1&refRID=87CD63RJ6C554TZZ91FT,#73,Very First Sight Words Sentences Level - 2,Dreamland Publications,4.6 out of 5 stars,2.286,135.00
https://www.amazon.in//SSC-Constable-Exam-Guide-2021/dp/9325295423/ref=zg_bs_books_74/258-2963089-5794142?_encoding=UTF8&psc=1&refRID=87CD63RJ6C554TZZ91FT,#74,SSC Constable GD Exam Guide 2021,Arihant Experts,4.2 out of 5 stars,133.0,122.00
https://www.amazon.in//Three-Thousand-Stitches-Ordinary-Extraordinary/dp/0143440055/ref=zg_bs_books_75/258-2963089-5794142?_encoding=UTF8&psc=1&refRID=87CD63RJ6C554TZZ91FT,#75,"Three Thousand Stitches: Ordinary People, Extraordinary Lives",Sudha Murty,4.6 out of 5 stars,4.588,183.00
https://www.amazon.in//Death-Inside-Story-those-shall/dp/0143450832/ref=zg_bs_books_76/258-2963089-5794142?_encoding=UTF8&psc=1&refRID=87CD63RJ6C554TZZ91FT,#76,Death; An Inside Story: A book for all those who shall die,Sadhguru,4.7 out of 5 stars,6.435,193.00
https://www.amazon.in//Theory-Everything-Stephen-Hawking/dp/8179925919/ref=zg_bs_books_77/258-2963089-5794142?_encoding=UTF8&psc=1&refRID=87CD63RJ6C554TZZ91FT,#77,The Theory of Everything: The Origin and Fate of the Universe,Stephen Hawking,4.6 out of 5 stars,7.345,141.00
https://www.amazon.in//How-Stop-Worrying-Start-Living/dp/8175993952/ref=zg_bs_books_78/258-2963089-5794142?_encoding=UTF8&psc=1&refRID=87CD63RJ6C554TZZ91FT,#78,How to Stop Worrying and Start Living: Time-Tested Methods for Conquering Worry,Dale Carnegie,4.4 out of 5 stars,13.61,147.00
https://www.amazon.in//How-Crack-Test-Reasoning-Jaikishan/dp/9313166755/ref=zg_bs_books_79/258-2963089-5794142?_encoding=UTF8&psc=1&refRID=87CD63RJ6C554TZZ91FT,#79,How to Crack Test Of Reasoning- REVISED EDITION,Jaikishan,4.4 out of 5 stars,2.668,150.00
https://www.amazon.in//Mandala-Art-Colouring-Adults-Sheets/dp/9386538601/ref=zg_bs_books_80/258-2963089-5794142?_encoding=UTF8&psc=1&refRID=87CD63RJ6C554TZZ91FT,#80,Mandala Art: Colouring Books for Adults with Tear Out Sheets (Adult Colouring Book),Wonder House Books,4.6 out of 5 stars,2.135,129.00
https://www.amazon.in//AM-Club-Your-Morning-Elevate/dp/9387944891/ref=zg_bs_books_81/258-2963089-5794142?_encoding=UTF8&psc=1&refRID=87CD63RJ6C554TZZ91FT,#81,"The 5 AM Club: Own Your Morning, Elevate Your Life",Robin Sharma,4.5 out of 5 stars,14.436,234.00
https://www.amazon.in//INDIAN-ECONOMY-Services-Universities-Examinations/dp/9390727421/ref=zg_bs_books_82/258-2963089-5794142?_encoding=UTF8&psc=1&refRID=87CD63RJ6C554TZZ91FT,#82,"INDIAN ECONOMY For Civil Services, Universities and Other Examinations | 13th Edition",RAMESH SINGH,4.4 out of 5 stars,396.0,534.00
https://www.amazon.in//Cracking-the-Coding-Interview/dp/0984782869/ref=zg_bs_books_83/258-2963089-5794142?_encoding=UTF8&psc=1&refRID=87CD63RJ6C554TZZ91FT,#83,Cracking the Coding Interview (Indian Edition),Gayle Laakmann McDowell,4.6 out of 5 stars,1.473,580.00
https://www.amazon.in//Peppa-Pig-Little-Library-Ladybird/dp/1409303187/ref=zg_bs_books_84/258-2963089-5794142?_encoding=UTF8&psc=1&refRID=87CD63RJ6C554TZZ91FT,#84,Peppa Pig: Little Library,Peppa Pig,4.3 out of 5 stars,14.996,226.00
https://www.amazon.in//Official-Cambridge-Guide-Students-Answers/dp/110744277X/ref=zg_bs_books_85/258-2963089-5794142?_encoding=UTF8&psc=1&refRID=87CD63RJ6C554TZZ91FT,#85,The Official Cambridge Guide To Ielts Student's Book With Answers With Dvd Rom,Pauline Cullen,4.4 out of 5 stars,3.198,434.00
https://www.amazon.in//Blue-Umbrella-Ruskin-Bond/dp/8171673406/ref=zg_bs_books_86/258-2963089-5794142?_encoding=UTF8&psc=1&refRID=87CD63RJ6C554TZZ91FT,#86,The Blue Umbrella,Ruskin Bond,4.5 out of 5 stars,7.014,95.00
https://www.amazon.in//Man-Called-Ove-life-affirming-bestseller/dp/1444775812/ref=zg_bs_books_87/258-2963089-5794142?_encoding=UTF8&psc=1&refRID=87CD63RJ6C554TZZ91FT,#87,A Man Called Ove: The life-affirming bestseller that will brighten your day,Fredrik Backman,4.6 out of 5 stars,28.773,328.00
https://www.amazon.in//108-Moral-Stories-Illustrated-Children/dp/9390292948/ref=zg_bs_books_88/258-2963089-5794142?_encoding=UTF8&psc=1&refRID=87CD63RJ6C554TZZ91FT,#88,108 Moral Stories (Illustrated) for Children,Maple Press,4.3 out of 5 stars,333.0,113.00
https://www.amazon.in//Illustrated-Stories-Akbar-Birbal-Classic/dp/9389567831/ref=zg_bs_books_89/258-2963089-5794142?_encoding=UTF8&psc=1&refRID=87CD63RJ6C554TZZ91FT,#89,The Illustrated Stories Of Akbar and Birbal: Classic Tales From India,Wonder House Books,4.6 out of 5 stars,1.104,242.00
https://www.amazon.in//101-Panchatantra-Stories-Dreamland-Publications/dp/938797149X/ref=zg_bs_books_90/258-2963089-5794142?_encoding=UTF8&psc=1&refRID=87CD63RJ6C554TZZ91FT,#90,101 Panchatantra Stories,Dreamland Publications,4.3 out of 5 stars,5.541,116.00
https://www.amazon.in//Objective-NCERT-your-FINGERTIPS-NEET-AIIMS/dp/938997125X/ref=zg_bs_books_91/258-2963089-5794142?_encoding=UTF8&psc=1&refRID=87CD63RJ6C554TZZ91FT,#91,Objective NCERT at your FINGERTIPS for NEET-AIIMS - Physics,MTG Editorial Board,4.5 out of 5 stars,1.146,440.00
https://www.amazon.in//Maharashtra-Admissions-College-Chapterwise-Question/dp/B09B11TPT2/ref=zg_bs_books_92/258-2963089-5794142?_encoding=UTF8&psc=1&refRID=87CD63RJ6C554TZZ91FT,#92,XI CET | Maharashtra FYJC CET 2021 | Admissions to Std 11 College | 2179 Chapterwise Solved MCQs Question Bank |10 English Medium| Class 10 All Boards,Content Team at Target Publications,4.6 out of 5 stars,44.0,300.00
https://www.amazon.in//Parks-Textbook-Preventive-Social-Medicine/dp/9382219161/ref=zg_bs_books_93/258-2963089-5794142?_encoding=UTF8&psc=1&refRID=87CD63RJ6C554TZZ91FT,#93,Park's Textbook Of Preventive And Social Medicine,K.Park,4.2 out of 5 stars,384.0,851.00
https://www.amazon.in//PHONIC-READER-LEVEL-1/dp/9384625760/ref=zg_bs_books_94/258-2963089-5794142?_encoding=UTF8&psc=1&refRID=87CD63RJ6C554TZZ91FT,#94,All set to Read-A Phonic Reader-Level 1- PHONICS READERS- 6 books in a Box: Box set,Om Books Editorial Team,4.5 out of 5 stars,947.0,499.00
https://www.amazon.in//Shoe-Dog-Memoir-Creator-NIKE/dp/1471146723/ref=zg_bs_books_95/258-2963089-5794142?_encoding=UTF8&psc=1&refRID=87CD63RJ6C554TZZ91FT,#95,Shoe Dog: A Memoir by the Creator of NIKE,Phil Knight,4.5 out of 5 stars,16.84,310.00
https://www.amazon.in//Spoken-English-Course-Telugu-Vashista/dp/B08W1SNNLP/ref=zg_bs_books_96/258-2963089-5794142?_encoding=UTF8&psc=1&refRID=87CD63RJ6C554TZZ91FT,#96,Spoken English Course (Telugu),Vashista 360,4.3 out of 5 stars,2.806,324.00
https://www.amazon.in//Diary-Young-Girl-Anne-Frank/dp/8172345194/ref=zg_bs_books_97/258-2963089-5794142?_encoding=UTF8&psc=1&refRID=87CD63RJ6C554TZZ91FT,#97,The Diary of a Young Girl,Anne Frank,4.6 out of 5 stars,3.766,175.00
https://www.amazon.in//Tuesdays-Morrie-young-greatest-lesson/dp/0751527378/ref=zg_bs_books_98/258-2963089-5794142?_encoding=UTF8&psc=1&refRID=87CD63RJ6C554TZZ91FT,#98,"Tuesdays With Morrie: An old man, a young man, and life's greatest lesson",Mitch Albom,4.6 out of 5 stars,11.185,199.00
https://www.amazon.in//Harry-Potter-Philosophers-Stone-Rowling/dp/1408855658/ref=zg_bs_books_99/258-2963089-5794142?_encoding=UTF8&psc=1&refRID=87CD63RJ6C554TZZ91FT,#99,Harry Potter and the Philosopher's Stone,J.K. Rowling,4.7 out of 5 stars,30.4,432.00
https://www.amazon.in//NTA-UGC-NET-SET-JRF/dp/9390577675/ref=zg_bs_books_100/258-2963089-5794142?_encoding=UTF8&psc=1&refRID=87CD63RJ6C554TZZ91FT,#100,NTA UGC NET/ SET/ JRF : Paper 1 Teaching and Research Aptitude | Fifth Edition | By Pearson,K V S Madaan,4.4 out of 5 stars,780.0,257.00
https://www.amazon.in//American-Marxism-Mark-R-Levin/dp/150113597X/ref=zg_bs_books_1/137-4093212-7558125?_encoding=UTF8&psc=1&refRID=JGY6B3S2YN2QYS964GSC,#1,American Marxism,Mark R. Levin,4.9 out of 5 stars,5.523,16.80
https://www.amazon.in//Letter-Your-Teacher-First-School/dp/1735414123/ref=zg_bs_books_2/137-4093212-7558125?_encoding=UTF8&psc=1&refRID=JGY6B3S2YN2QYS964GSC,#2,A Letter From Your Teacher: On the First Day of School,Shannon Olsen,4.8 out of 5 stars,753.0,10.89
https://www.amazon.in//Our-Class-Family-Shannon-Olsen/dp/0578629097/ref=zg_bs_books_3/137-4093212-7558125?_encoding=UTF8&psc=1&refRID=JGY6B3S2YN2QYS964GSC,#3,Our Class is a Family,Shannon Olsen,4.8 out of 5 stars,7.972,10.80
https://www.amazon.in//Ends-Us-Novel-Colleen-Hoover/dp/1501110365/ref=zg_bs_books_4/137-4093212-7558125?_encoding=UTF8&psc=1&refRID=JGY6B3S2YN2QYS964GSC,#4,It Ends with Us: A Novel,Colleen Hoover,4.7 out of 5 stars,23.425,10.80
https://www.amazon.in//Billy-Summers-Stephen-King/dp/1982173610/ref=zg_bs_books_5/137-4093212-7558125?_encoding=UTF8&psc=1&refRID=JGY6B3S2YN2QYS964GSC,#5,Billy Summers,Stephen King,4.6 out of 5 stars,639.0,18.00
https://www.amazon.in//Truth-About-COVID-19-Lockdowns-Passports/dp/1645020886/ref=zg_bs_books_6/137-4093212-7558125?_encoding=UTF8&psc=1&refRID=JGY6B3S2YN2QYS964GSC,#6,"The Truth About COVID-19: Exposing The Great Reset, Lockdowns, Vaccine Passports, and the New Normal",Doctor Joseph Mercola,4.7 out of 5 stars,1.766,15.83
https://www.amazon.in//Atomic-Habits-Proven-Build-Break/dp/0735211299/ref=zg_bs_books_7/137-4093212-7558125?_encoding=UTF8&psc=1&refRID=JGY6B3S2YN2QYS964GSC,#7,Atomic Habits: An Easy & Proven Way to Build Good Habits & Break Bad Ones,James Clear,4.8 out of 5 stars,49.795,11.98
https://www.amazon.in//Last-Thing-He-Told-Me/dp/1501171348/ref=zg_bs_books_8/137-4093212-7558125?_encoding=UTF8&psc=1&refRID=JGY6B3S2YN2QYS964GSC,#8,The Last Thing He Told Me: A Novel,Laura Dave,4.3 out of 5 stars,26.417,16.20
https://www.amazon.in//My-First-Learn-Write-Workbook/dp/1641526270/ref=zg_bs_books_9/137-4093212-7558125?_encoding=UTF8&psc=1&refRID=JGY6B3S2YN2QYS964GSC,#9,"My First Learn to Write Workbook: Practice for Kids with Pen Control, Line Tracing, Letters, and More!",Crystal Radke,4.8 out of 5 stars,57.387,5.51
https://www.amazon.in//Forever-Dog-Surprising-Companion-Healthier/dp/0063002604/ref=zg_bs_books_10/137-4093212-7558125?_encoding=UTF8&psc=1&refRID=JGY6B3S2YN2QYS964GSC,#10,"The Forever Dog: Surprising New Science to Help Your Canine Companion Live Younger, Healthier, and Longer",Rodney HabibHardcover$20.49,Not Available,Not Available,Not Available
https://www.amazon.in//Verity-Colleen-Hoover/dp/1791392792/ref=zg_bs_books_11/137-4093212-7558125?_encoding=UTF8&psc=1&refRID=JGY6B3S2YN2QYS964GSC,#11,Verity,Colleen Hoover,4.6 out of 5 stars,28.216,11.99
https://www.amazon.in//Seven-Husbands-Evelyn-Hugo-Novel/dp/1501161938/ref=zg_bs_books_12/137-4093212-7558125?_encoding=UTF8&psc=1&refRID=JGY6B3S2YN2QYS964GSC,#12,The Seven Husbands of Evelyn Hugo: A Novel,Taylor Jenkins Reid,4.6 out of 5 stars,24.101,9.42
https://www.amazon.in//Body-Keeps-Score-Healing-Trauma/dp/0143127748/ref=zg_bs_books_13/137-4093212-7558125?_encoding=UTF8&psc=1&refRID=JGY6B3S2YN2QYS964GSC,#13,"The Body Keeps the Score: Brain, Mind, and Body in the Healing of Trauma",Bessel van der Kolk M.D.,4.8 out of 5 stars,33.854,11.40
https://www.amazon.in//Four-Agreements-Practical-Personal-Freedom/dp/1878424319/ref=zg_bs_books_14/137-4093212-7558125?_encoding=UTF8&psc=1&refRID=JGY6B3S2YN2QYS964GSC,#14,The Four Agreements: A Practical Guide to Personal Freedom (A Toltec Wisdom Book),Don Miguel Ruiz,4.7 out of 5 stars,62.296,5.77
https://www.amazon.in//Kindergarten-Here-Come-D-J-Steinberg/dp/0448456249/ref=zg_bs_books_15/137-4093212-7558125?_encoding=UTF8&psc=1&refRID=JGY6B3S2YN2QYS964GSC,#15,"Kindergarten, Here I Come!",D.J. Steinberg,4.8 out of 5 stars,12.473,3.77
https://www.amazon.in//If-Animals-Kissed-Good-Night/dp/0374300216/ref=zg_bs_books_16/137-4093212-7558125?_encoding=UTF8&psc=1&refRID=JGY6B3S2YN2QYS964GSC,#16,If Animals Kissed Good Night,Ann Whitford Paul,4.8 out of 5 stars,52.457,4.44
https://www.amazon.in//Very-Hungry-Caterpillar-Eric-Carle/dp/0399226907/ref=zg_bs_books_17/137-4093212-7558125?_encoding=UTF8&psc=1&refRID=JGY6B3S2YN2QYS964GSC,#17,The Very Hungry Caterpillar,Eric Carle,4.9 out of 5 stars,38.061,5.06
https://www.amazon.in//We-Were-Never-Here-Novel/dp/198482046X/ref=zg_bs_books_18/137-4093212-7558125?_encoding=UTF8&psc=1&refRID=JGY6B3S2YN2QYS964GSC,#18,We Were Never Here: A Novel,Andrea Bartz,4.0 out of 5 stars,99.0,16.73
https://www.amazon.in//Burn-After-Writing-Sharon-Jones/dp/0593329910/ref=zg_bs_books_19/137-4093212-7558125?_encoding=UTF8&psc=1&refRID=JGY6B3S2YN2QYS964GSC,#19,Burn After Writing (Pink),Sharon Jones,4.6 out of 5 stars,14.952,6.99
https://www.amazon.in//Collected-Works-Jim-Morrison-Transcripts/dp/0063028972/ref=zg_bs_books_20/137-4093212-7558125?_encoding=UTF8&psc=1&refRID=JGY6B3S2YN2QYS964GSC,#20,"The Collected Works of Jim Morrison: Poetry, Journals, Transcripts, and Lyrics",Jim Morrison,4.8 out of 5 stars,501.0,39.99
https://www.amazon.in//I-Love-You-Moon-Back/dp/1589255518/ref=zg_bs_books_21/137-4093212-7558125?_encoding=UTF8&psc=1&refRID=JGY6B3S2YN2QYS964GSC,#21,I Love You to the Moon and Back,Amelia Hepworth,4.9 out of 5 stars,38.879,4.22
https://www.amazon.in//Rich-Dad-Poor-Teach-Middle/dp/1612680178/ref=zg_bs_books_22/137-4093212-7558125?_encoding=UTF8&psc=1&refRID=JGY6B3S2YN2QYS964GSC,#22,Rich Dad Poor Dad: What the Rich Teach Their Kids About Money That the Poor and Middle Class Do Not!,Robert T. Kiyosaki,4.7 out of 5 stars,57.765,10.00
https://www.amazon.in//Come-Over-Southern-Delicious-Occasion/dp/0358248094/ref=zg_bs_books_23/137-4093212-7558125?_encoding=UTF8&psc=1&refRID=JGY6B3S2YN2QYS964GSC,#23,Come On Over!: Southern Delicious for Every Day and Every Occasion,Elizabeth Heiskell,4.6 out of 5 stars,355.0,17.70
https://www.amazon.in//Night-Before-Kindergarten-Natasha-Wing/dp/0448425009/ref=zg_bs_books_24/137-4093212-7558125?_encoding=UTF8&psc=1&refRID=JGY6B3S2YN2QYS964GSC,#24,The Night Before Kindergarten,Natasha Wing,4.8 out of 5 stars,3.005,4.99
https://www.amazon.in//Boy-Mole-Fox-Horse/dp/0062976583/ref=zg_bs_books_25/137-4093212-7558125?_encoding=UTF8&psc=1&refRID=JGY6B3S2YN2QYS964GSC,#25,"The Boy, the Mole, the Fox and the Horse",Charlie Mackesy,4.8 out of 5 stars,82.069,13.79
https://www.amazon.in//First-Jitters-Hartwells-Classroom-Adventures/dp/158089061X/ref=zg_bs_books_26/137-4093212-7558125?_encoding=UTF8&psc=1&refRID=JGY6B3S2YN2QYS964GSC,#26,First Day Jitters (The Jitters Series),Julie Danneberg,4.9 out of 5 stars,4.917,7.14
https://www.amazon.in//Publication-Manual-American-Psychological-Association/dp/143383216X/ref=zg_bs_books_27/137-4093212-7558125?_encoding=UTF8&psc=1&refRID=JGY6B3S2YN2QYS964GSC,#27,"Publication Manual of the American Psychological Association: 7th Edition, 2020 Copyright",American Psychological Association,4.8 out of 5 stars,20.623,23.99
https://www.amazon.in//Alone-Can-Fix-Donald-Catastrophic/dp/0593298942/ref=zg_bs_books_28/137-4093212-7558125?_encoding=UTF8&psc=1&refRID=JGY6B3S2YN2QYS964GSC,#28,I Alone Can Fix It: Donald J. Trump's Catastrophic Final Year,Carol Leonnig,4.7 out of 5 stars,2.789,17.92
https://www.amazon.in//Where-Crawdads-Sing-Delia-Owens/dp/0735219109/ref=zg_bs_books_29/137-4093212-7558125?_encoding=UTF8&psc=1&refRID=JGY6B3S2YN2QYS964GSC,#29,Where the Crawdads Sing,Delia Owens,4.8 out of 5 stars,183.085,9.98
https://www.amazon.in//People-Meet-Vacation-Emily-Henry/dp/1984806750/ref=zg_bs_books_30/137-4093212-7558125?_encoding=UTF8&psc=1&refRID=JGY6B3S2YN2QYS964GSC,#30,People We Meet on Vacation,Emily Henry,4.4 out of 5 stars,11.089,9.98
https://www.amazon.in//Outsiders-S-Hinton/dp/014240733X/ref=zg_bs_books_31/137-4093212-7558125?_encoding=UTF8&psc=1&refRID=JGY6B3S2YN2QYS964GSC,#31,The Outsiders,S. E. Hinton,4.8 out of 5 stars,22.234,5.89
https://www.amazon.in//Here-Right-Matters-American-Story/dp/0063079429/ref=zg_bs_books_32/137-4093212-7558125?_encoding=UTF8&psc=1&refRID=JGY6B3S2YN2QYS964GSC,#32,"Here, Right Matters: An American Story",Alexander Vindman,4.9 out of 5 stars,141.0,16.19
https://www.amazon.in//Pigeon-HAS-Go-School/dp/1368046452/ref=zg_bs_books_33/137-4093212-7558125?_encoding=UTF8&psc=1&refRID=JGY6B3S2YN2QYS964GSC,#33,The Pigeon HAS to Go to School!,Mo Willems,4.9 out of 5 stars,7.851,7.78
https://www.amazon.in//48-Laws-Power-Robert-Greene/dp/0140280197/ref=zg_bs_books_34/137-4093212-7558125?_encoding=UTF8&psc=1&refRID=JGY6B3S2YN2QYS964GSC,#34,The 48 Laws of Power,Robert Greene,4.7 out of 5 stars,28.361,14.99
https://www.amazon.in//Love-Languages-Secret-that-Lasts/dp/080241270X/ref=zg_bs_books_35/137-4093212-7558125?_encoding=UTF8&psc=1&refRID=JGY6B3S2YN2QYS964GSC,#35,The 5 Love Languages: The Secret to Love that Lasts,Gary Chapman,4.8 out of 5 stars,54.173,7.59
https://www.amazon.in//Paper-Palace-Miranda-Cowley-Heller/dp/0593329821/ref=zg_bs_books_36/137-4093212-7558125?_encoding=UTF8&psc=1&refRID=JGY6B3S2YN2QYS964GSC,#36,The Paper Palace: A Novel,Miranda Cowley Heller,4.3 out of 5 stars,3.421,16.20
https://www.amazon.in//Malibu-Rising-Taylor-Jenkins-Reid/dp/1524798657/ref=zg_bs_books_37/137-4093212-7558125?_encoding=UTF8&psc=1&refRID=JGY6B3S2YN2QYS964GSC,#37,Malibu Rising: A Novel,Taylor Jenkins Reid,4.3 out of 5 stars,11.025,16.80
https://www.amazon.in//Midnight-Library-Novel-Matt-Haig/dp/0525559477/ref=zg_bs_books_38/137-4093212-7558125?_encoding=UTF8&psc=1&refRID=JGY6B3S2YN2QYS964GSC,#38,The Midnight Library: A Novel,Matt Haig,4.4 out of 5 stars,99.416,13.29
https://www.amazon.in//Rand-McNally-Large-Scale-Atlas/dp/0528023780/ref=zg_bs_books_39/137-4093212-7558125?_encoding=UTF8&psc=1&refRID=JGY6B3S2YN2QYS964GSC,#39,Rand McNally 2022 Large Scale Road Atlas,Rand McNally,4.8 out of 5 stars,1.933,14.00
https://www.amazon.in//School-Zone-Multiplication-Grades-Concentration/dp/0938256939/ref=zg_bs_books_40/137-4093212-7558125?_encoding=UTF8&psc=1&refRID=JGY6B3S2YN2QYS964GSC,#40,"School Zone - Multiplication 0-12 Flash Cards - Ages 8+, 3rd Grade, 4th Grade, Elementary Math, Multiplication Facts, Common Core, and More",School Zone,4.7 out of 5 stars,20.366,2.67
https://www.amazon.in//Ugly-Love-Novel-Colleen-Hoover/dp/1476753180/ref=zg_bs_books_41/137-4093212-7558125?_encoding=UTF8&psc=1&refRID=JGY6B3S2YN2QYS964GSC,#41,Ugly Love: A Novel,Colleen Hoover,4.7 out of 5 stars,10.934,10.19
https://www.amazon.in//Self-Love-Workbook-Women-Self-Doubt-Self-Compassion/dp/1647397294/ref=zg_bs_books_42/137-4093212-7558125?_encoding=UTF8&psc=1&refRID=JGY6B3S2YN2QYS964GSC,#42,"Self-Love Workbook for Women: Release Self-Doubt, Build Self-Compassion, and Embrace Who You Are",Megan Logan MSW LCSW,4.7 out of 5 stars,5.99,9.59
https://www.amazon.in//Paint-Sticker-Kids-Animals-Pictures/dp/0761189602/ref=zg_bs_books_43/137-4093212-7558125?_encoding=UTF8&psc=1&refRID=JGY6B3S2YN2QYS964GSC,#43,Paint by Sticker Kids: Zoo Animals: Create 10 Pictures One Sticker at a Time!,Workman Publishing,4.8 out of 5 stars,16.557,5.01
https://www.amazon.in//Order-Live-Korean-Journey-Freedom/dp/014310974X/ref=zg_bs_books_44/137-4093212-7558125?_encoding=UTF8&psc=1&refRID=JGY6B3S2YN2QYS964GSC,#44,In Order to Live: A North Korean Girl's Journey to Freedom,Yeonmi Park,4.8 out of 5 stars,6.21,11.99
https://www.amazon.in//Time-School-Little-Blue-Truck/dp/0358412242/ref=zg_bs_books_45/137-4093212-7558125?_encoding=UTF8&psc=1&refRID=JGY6B3S2YN2QYS964GSC,#45,"Time for School, Little Blue Truck",Alice Schertle,4.9 out of 5 stars,698.0,10.77
https://www.amazon.in//Alchemist-Paulo-Coelho/dp/0062315005/ref=zg_bs_books_46/137-4093212-7558125?_encoding=UTF8&psc=1&refRID=JGY6B3S2YN2QYS964GSC,#46,"The Alchemist, 25th Anniversary: A Fable About Following Your Dream",Paulo Coelho,4.7 out of 5 stars,63.597,8.89
https://www.amazon.in//Brown-Bear-What-You-See/dp/0805047905/ref=zg_bs_books_47/137-4093212-7558125?_encoding=UTF8&psc=1&refRID=JGY6B3S2YN2QYS964GSC,#47,"Brown Bear, Brown Bear, What Do You See?",Bill Martin Jr.,4.9 out of 5 stars,32.558,5.00
https://www.amazon.in//Dune-Chronicles-Book-1/dp/0441013597/ref=zg_bs_books_48/137-4093212-7558125?_encoding=UTF8&psc=1&refRID=JGY6B3S2YN2QYS964GSC,#48,"Dune (Dune Chronicles, Book 1)",Frank Herbert,4.7 out of 5 stars,31.787,9.49
https://www.amazon.in//1984-Signet-Classics-George-Orwell/dp/0451524934/ref=zg_bs_books_49/137-4093212-7558125?_encoding=UTF8&psc=1&refRID=JGY6B3S2YN2QYS964GSC,#49,"1984 (Signet Classics), Book Cover May Vary",George Orwell,4.7 out of 5 stars,51.046,7.48
https://www.amazon.in//Grumpy-Monkey-Suzanne-Lang/dp/0553537865/ref=zg_bs_books_50/137-4093212-7558125?_encoding=UTF8&psc=1&refRID=JGY6B3S2YN2QYS964GSC,#50,Grumpy Monkey,Suzanne Lang,4.8 out of 5 stars,16.441,6.97
https://www.amazon.in//Beach-Read-Emily-Henry/dp/1984806734/ref=zg_bs_books_51/138-9689855-7203337?_encoding=UTF8&psc=1&refRID=G3SP8BR2C93QJW5K61HG,#51,Beach Read,Emily Henry,4.4 out of 5 stars,15.817,7.36
https://www.amazon.in//Kill-Mockingbird-Harper-Lee/dp/0060935464/ref=zg_bs_books_52/138-9689855-7203337?_encoding=UTF8&psc=1&refRID=G3SP8BR2C93QJW5K61HG,#52,To Kill a Mockingbird,Harper Lee,4.8 out of 5 stars,50.125,7.19
https://www.amazon.in//Crystals-Beginners-Guide-Started-Healing/dp/1623159911/ref=zg_bs_books_53/138-9689855-7203337?_encoding=UTF8&psc=1&refRID=G3SP8BR2C93QJW5K61HG,#53,Crystals for Beginners: The Guide to Get Started with the Healing Power of Crystals,Karen Frazier,4.8 out of 5 stars,21.689,8.99
https://www.amazon.in//Joshua-Weissman-Unapologetic-Cookbook/dp/1615649980/ref=zg_bs_books_54/138-9689855-7203337?_encoding=UTF8&psc=1&refRID=G3SP8BR2C93QJW5K61HG,#54,Joshua Weissman: An Unapologetic Cookbook,Joshua WeissmanHardcover$19.20,Not Available,Not Available,Not Available
https://www.amazon.in//How-Win-Friends-Influence-People/dp/0671027034/ref=zg_bs_books_55/138-9689855-7203337?_encoding=UTF8&psc=1&refRID=G3SP8BR2C93QJW5K61HG,#55,How to Win Friends & Influence People,Dale Carnegie,4.7 out of 5 stars,53.915,10.99
https://www.amazon.in//Lord-Flies-William-Golding/dp/0399501487/ref=zg_bs_books_56/138-9689855-7203337?_encoding=UTF8&psc=1&refRID=G3SP8BR2C93QJW5K61HG,#56,Lord of the Flies,William Golding,4.6 out of 5 stars,22.673,5.99
https://www.amazon.in//How-Saved-World-Jesse-Watters/dp/0063049082/ref=zg_bs_books_57/138-9689855-7203337?_encoding=UTF8&psc=1&refRID=G3SP8BR2C93QJW5K61HG,#57,How I Saved the World,Jesse Watters,4.7 out of 5 stars,2.612,17.64
https://www.amazon.in//High-Conflict-Why-Get-Trapped/dp/1982128569/ref=zg_bs_books_58/138-9689855-7203337?_encoding=UTF8&psc=1&refRID=G3SP8BR2C93QJW5K61HG,#58,High Conflict: Why We Get Trapped and How We Get Out,Amanda Ripley,4.7 out of 5 stars,162.0,19.79
https://www.amazon.in//Essays-That-Will-Change-Think/dp/1945796065/ref=zg_bs_books_59/138-9689855-7203337?_encoding=UTF8&psc=1&refRID=G3SP8BR2C93QJW5K61HG,#59,101 Essays That Will Change The Way You Think,Brianna Wiest,4.7 out of 5 stars,1.863,19.37
https://www.amazon.in//Night-Before-First-Grade/dp/0448437473/ref=zg_bs_books_60/138-9689855-7203337?_encoding=UTF8&psc=1&refRID=G3SP8BR2C93QJW5K61HG,#60,The Night Before First Grade,Natasha Wing,4.8 out of 5 stars,2.805,4.98
https://www.amazon.in//Subtle-Art-Not-Giving-Counterintuitive/dp/0062457713/ref=zg_bs_books_61/138-9689855-7203337?_encoding=UTF8&psc=1&refRID=G3SP8BR2C93QJW5K61HG,#61,The Subtle Art of Not Giving a F*ck: A Counterintuitive Approach to Living a Good Life,Mark Manson,4.6 out of 5 stars,54.588,11.60
https://www.amazon.in//Chicka-Boom-Board-Book/dp/1442450703/ref=zg_bs_books_62/138-9689855-7203337?_encoding=UTF8&psc=1&refRID=G3SP8BR2C93QJW5K61HG,#62,Chicka Chicka Boom Boom (Board Book),Bill Martin Jr.,4.9 out of 5 stars,25.881,4.59
https://www.amazon.in//Medical-Medium-Cleanse-Heal-Depression/dp/1401958451/ref=zg_bs_books_63/138-9689855-7203337?_encoding=UTF8&psc=1&refRID=G3SP8BR2C93QJW5K61HG,#63,"Medical Medium Cleanse to Heal: Healing Plans for Sufferers of Anxiety, Depression, Acne, Eczema, Lyme, Gut Problems, Brain Fog, Weight Issues, Migraines, Bloating, Vertigo, Psoriasis, Cys",Anthony William,4.7 out of 5 stars,13.099,16.99
https://www.amazon.in//Wonderful-Things-You-Will-Be/dp/0385376715/ref=zg_bs_books_64/138-9689855-7203337?_encoding=UTF8&psc=1&refRID=G3SP8BR2C93QJW5K61HG,#64,The Wonderful Things You Will Be,Emily Winfield Martin,4.9 out of 5 stars,16.651,8.55
https://www.amazon.in//Goodnight-Moon-Margaret-Wise-Brown/dp/0694003611/ref=zg_bs_books_65/138-9689855-7203337?_encoding=UTF8&psc=1&refRID=G3SP8BR2C93QJW5K61HG,#65,Goodnight Moon,Margaret Wise Brown,4.9 out of 5 stars,18.722,5.36
https://www.amazon.in//New-World-Order-Ralph-Epperson/dp/1592324789/ref=zg_bs_books_66/138-9689855-7203337?_encoding=UTF8&psc=1&refRID=G3SP8BR2C93QJW5K61HG,#66,The New World Order,Ralph Epperson,4.6 out of 5 stars,1.331,16.95
https://www.amazon.in//Invisible-Life-Addie-LaRue/dp/0765387565/ref=zg_bs_books_67/138-9689855-7203337?_encoding=UTF8&psc=1&refRID=G3SP8BR2C93QJW5K61HG,#67,The Invisible Life of Addie LaRue,V. E. Schwab,4.5 out of 5 stars,33.501,16.19
https://www.amazon.in//Four-Winds-Novel-Kristin-Hannah/dp/1250178606/ref=zg_bs_books_68/138-9689855-7203337?_encoding=UTF8&psc=1&refRID=G3SP8BR2C93QJW5K61HG,#68,The Four Winds: A Novel,Kristin Hannah,4.5 out of 5 stars,67.471,14.49
https://www.amazon.in//Merriam-Websters-Pocket-Dictionary-Merriam-Webster/dp/0877795304/ref=zg_bs_books_69/138-9689855-7203337?_encoding=UTF8&psc=1&refRID=G3SP8BR2C93QJW5K61HG,#69,"Merriam-Webster's Pocket Dictionary, Newest Edition",Merriam-Webster,4.6 out of 5 stars,4.428,4.99
https://www.amazon.in//My-First-Library-Boxset-Board/dp/9387779262/ref=zg_bs_books_70/138-9689855-7203337?_encoding=UTF8&psc=1&refRID=G3SP8BR2C93QJW5K61HG,#70,My First Library : Boxset of 10 Board Books for Kids,Wonder House Books,4.6 out of 5 stars,30.449,17.71
https://www.amazon.in//Gifts-Imperfection-Think-Supposed-Embrace/dp/159285849X/ref=zg_bs_books_71/138-9689855-7203337?_encoding=UTF8&psc=1&refRID=G3SP8BR2C93QJW5K61HG,#71,The Gifts of Imperfection: Let Go of Who You Think You're Supposed to Be and Embrace Who You Are,Brené Brown,4.7 out of 5 stars,22.624,6.96
https://www.amazon.in//School-Zone-Preschool-Pre-Writing-Pre-Reading/dp/0887431453/ref=zg_bs_books_72/138-9689855-7203337?_encoding=UTF8&psc=1&refRID=G3SP8BR2C93QJW5K61HG,#72,"School Zone - Big Preschool Workbook - Ages 3 to 5, Colors, Shapes, Numbers 1-10, Early Math, Alphabet, Pre-Writing, Phonics, Following Directions, and More (School Zone Big Workbook Series)",School Zone,4.8 out of 5 stars,53.415,7.48
https://www.amazon.in//Mans-Search-Meaning-Viktor-Frankl/dp/0807014273/ref=zg_bs_books_73/138-9689855-7203337?_encoding=UTF8&psc=1&refRID=G3SP8BR2C93QJW5K61HG,#73,Man's Search for Meaning,Viktor E. Frankl,4.7 out of 5 stars,35.43,8.39
https://www.amazon.in//Animal-Farm-George-Orwell/dp/0451526341/ref=zg_bs_books_74/138-9689855-7203337?_encoding=UTF8&psc=1&refRID=G3SP8BR2C93QJW5K61HG,#74,Animal Farm: 75th Anniversary Edition,George Orwell,4.7 out of 5 stars,23.331,7.48
https://www.amazon.in//Project-Hail-Mary-Andy-Weir/dp/0593135202/ref=zg_bs_books_75/138-9689855-7203337?_encoding=UTF8&psc=1&refRID=G3SP8BR2C93QJW5K61HG,#75,Project Hail Mary: A Novel,Andy Weir,4.7 out of 5 stars,26.246,14.49
https://www.amazon.in//Fahrenheit-451-Ray-Bradbury/dp/1451673310/ref=zg_bs_books_76/138-9689855-7203337?_encoding=UTF8&psc=1&refRID=G3SP8BR2C93QJW5K61HG,#76,Fahrenheit 451,Ray Bradbury,4.6 out of 5 stars,22.635,8.29
https://www.amazon.in//Dragons-Love-Tacos-Adam-Rubin/dp/0803736800/ref=zg_bs_books_77/138-9689855-7203337?_encoding=UTF8&psc=1&refRID=G3SP8BR2C93QJW5K61HG,#77,Dragons Love Tacos,Adam Rubin,4.7 out of 5 stars,10.716,8.95
https://www.amazon.in//We-Dont-Eat-Our-Classmates/dp/1368003559/ref=zg_bs_books_78/138-9689855-7203337?_encoding=UTF8&psc=1&refRID=G3SP8BR2C93QJW5K61HG,#78,We Don't Eat Our Classmates,Ryan T. Higgins,4.9 out of 5 stars,3.89,11.98
https://www.amazon.in//Unhoneymooners-Christina-Lauren/dp/1501128035/ref=zg_bs_books_79/138-9689855-7203337?_encoding=UTF8&psc=1&refRID=G3SP8BR2C93QJW5K61HG,#79,The Unhoneymooners,Christina Lauren,4.5 out of 5 stars,10.379,8.44
https://www.amazon.in//Song-Achilles-Novel-Madeline-Miller/dp/0062060627/ref=zg_bs_books_80/138-9689855-7203337?_encoding=UTF8&psc=1&refRID=G3SP8BR2C93QJW5K61HG,#80,The Song of Achilles: A Novel,Madeline Miller,4.7 out of 5 stars,25.49,10.35
https://www.amazon.in//Wheres-Spot-Eric-Hill/dp/0399240462/ref=zg_bs_books_81/138-9689855-7203337?_encoding=UTF8&psc=1&refRID=G3SP8BR2C93QJW5K61HG,#81,Where's Spot?,Eric Hill,4.8 out of 5 stars,21.251,4.98
https://www.amazon.in//Giver-Quartet-Lois-Lowry/dp/0544336267/ref=zg_bs_books_82/138-9689855-7203337?_encoding=UTF8&psc=1&refRID=G3SP8BR2C93QJW5K61HG,#82,The Giver (1) (Giver Quartet),Lois Lowry,4.7 out of 5 stars,20.508,5.55
https://www.amazon.in//Ball-Complete-Book-Home-Preserving/dp/0778801314/ref=zg_bs_books_83/138-9689855-7203337?_encoding=UTF8&psc=1&refRID=G3SP8BR2C93QJW5K61HG,#83,Ball Complete Book of Home Preserving,Judi Kingry,4.8 out of 5 stars,10.118,19.95
https://www.amazon.in//Grandmaster-Demonic-Cultivation-Novel-Vol/dp/1648279198/ref=zg_bs_books_84/138-9689855-7203337?_encoding=UTF8&psc=1&refRID=G3SP8BR2C93QJW5K61HG,#84,Grandmaster of Demonic Cultivation: Mo Dao Zu Shi (Novel) Vol. 1,Mo Xiang Tong XiuPaperback$14.20,Not Available,Not Available,Not Available
https://www.amazon.in//Night-Elie-Wiesel/dp/0374500010/ref=zg_bs_books_85/138-9689855-7203337?_encoding=UTF8&psc=1&refRID=G3SP8BR2C93QJW5K61HG,#85,Night (Night),Elie Wiesel,4.7 out of 5 stars,3.274,7.46
https://www.amazon.in//Primary-Composition-Notebook-Kindergarten-Exercise/dp/B0988RCV5Q/ref=zg_bs_books_86/138-9689855-7203337?_encoding=UTF8&psc=1&refRID=G3SP8BR2C93QJW5K61HG,#86,"Primary Composition Notebook: Black Marble, Grades K-2 Kindergarten Writing Journal (Draw & Write Exercise Books)",Young Dreamers Press,5.0 out of 5 stars,6.0,5.99
https://www.amazon.in//Heaven-Officials-Blessing-Tian-Novel/dp/1648279171/ref=zg_bs_books_87/138-9689855-7203337?_encoding=UTF8&psc=1&refRID=G3SP8BR2C93QJW5K61HG,#87,Heaven Official's Blessing: Tian Guan Ci Fu (Novel) Vol. 1,Mo Xiang Tong XiuPaperback$14.21,Not Available,Not Available,Not Available
https://www.amazon.in//How-Catch-Mermaid-Adam-Wallace/dp/149266247X/ref=zg_bs_books_88/138-9689855-7203337?_encoding=UTF8&psc=1&refRID=G3SP8BR2C93QJW5K61HG,#88,How to Catch a Mermaid,Adam Wallace,4.8 out of 5 stars,21.61,5.99
https://www.amazon.in//Name-Jar-Yangsook-Choi/dp/0440417996/ref=zg_bs_books_89/138-9689855-7203337?_encoding=UTF8&psc=1&refRID=G3SP8BR2C93QJW5K61HG,#89,The Name Jar,Yangsook Choi,4.9 out of 5 stars,2.474,7.43
https://www.amazon.in//Power-Now-Guide-Spiritual-Enlightenment/dp/1577314808/ref=zg_bs_books_90/138-9689855-7203337?_encoding=UTF8&psc=1&refRID=G3SP8BR2C93QJW5K61HG,#90,The Power of Now: A Guide to Spiritual Enlightenment,Eckhart Tolle,4.7 out of 5 stars,31.605,8.01
https://www.amazon.in//Care-Keeping-You-Younger-American/dp/1609580834/ref=zg_bs_books_91/138-9689855-7203337?_encoding=UTF8&psc=1&refRID=G3SP8BR2C93QJW5K61HG,#91,"The Care and Keeping of You: The Body Book for Younger Girls, Revised Edition (American Girl Library)",Valorie Schaefer,4.8 out of 5 stars,19.501,7.53
https://www.amazon.in//What-Expect-When-Youre-Expecting/dp/0761187480/ref=zg_bs_books_92/138-9689855-7203337?_encoding=UTF8&psc=1&refRID=G3SP8BR2C93QJW5K61HG,#92,What to Expect When You're Expecting,Heidi Murkoff,4.8 out of 5 stars,20.877,13.58
https://www.amazon.in//Invisible-String-Patrice-Karst/dp/031648623X/ref=zg_bs_books_93/138-9689855-7203337?_encoding=UTF8&psc=1&refRID=G3SP8BR2C93QJW5K61HG,#93,The Invisible String,Patrice Karst,4.8 out of 5 stars,12.62,4.43
https://www.amazon.in//Love-You-Forever-Robert-Munsch/dp/0920668372/ref=zg_bs_books_94/138-9689855-7203337?_encoding=UTF8&psc=1&refRID=G3SP8BR2C93QJW5K61HG,#94,Love You Forever,Robert Munsch,4.9 out of 5 stars,39.353,4.98
https://www.amazon.in//Day-You-Begin-Jacqueline-Woodson/dp/0399246533/ref=zg_bs_books_95/138-9689855-7203337?_encoding=UTF8&psc=1&refRID=G3SP8BR2C93QJW5K61HG,#95,The Day You Begin,Jacqueline Woodson,4.9 out of 5 stars,5.776,14.42
https://www.amazon.in//They-Both-Die-at-End/dp/0062457802/ref=zg_bs_books_96/138-9689855-7203337?_encoding=UTF8&psc=1&refRID=G3SP8BR2C93QJW5K61HG,#96,They Both Die at the End,Adam Silvera,4.7 out of 5 stars,15.655,8.37
https://www.amazon.in//Untamed-Glennon-Doyle-Melton/dp/1984801252/ref=zg_bs_books_97/138-9689855-7203337?_encoding=UTF8&psc=1&refRID=G3SP8BR2C93QJW5K61HG,#97,Untamed,Glennon Doyle,4.6 out of 5 stars,47.631,13.98
https://www.amazon.in//What-Happened-You-Understanding-Resilience/dp/1250223180/ref=zg_bs_books_98/138-9689855-7203337?_encoding=UTF8&psc=1&refRID=G3SP8BR2C93QJW5K61HG,#98,"What Happened to You?: Conversations on Trauma, Resilience, and Healing",Oprah Winfrey,4.8 out of 5 stars,4.264,17.38
https://www.amazon.in//Premonition-Pandemic-Story-Michael-Lewis/dp/0393881555/ref=zg_bs_books_99/138-9689855-7203337?_encoding=UTF8&psc=1&refRID=G3SP8BR2C93QJW5K61HG,#99,The Premonition: A Pandemic Story,Michael Lewis,4.7 out of 5 stars,8.304,13.65
https://www.amazon.in//Lost-Book-Remedies-Claude-Davis/dp/1732557101/ref=zg_bs_books_100/138-9689855-7203337?_encoding=UTF8&psc=1&refRID=G3SP8BR2C93QJW5K61HG,#100,The Lost Book of Remedies,Claude Davis,4.7 out of 5 stars,7.783,37.00
