 ,NAME:  Me:  Elton  John  Official  Autobiography
 , URL:  https://www.amazon.com/https://www.amazon.com/Me-Elton-John-Official-Autobiography/dp/1250147603?_encoding=UTF8&psc=1
 , Author:  Elton  John
 , Price:  $17.60
 , Ber-of-Ratings:  Not  Available , Rating:  Not  Available 
 ,NAME:  Catch  and  Kill:  Lies,  Spies,  and  a  Conspiracy  to  Protect  Predators
 , URL:  https://www.amazon.com/https://www.amazon.com/Catch-Kill-Conspiracy-Protect-Predators/dp/0316486639?_encoding=UTF8&psc=1
 , Author:  Ronan  Farrow
 , Price:  $20.99
 , Ber-of-Ratings:  Not  Available , Rating:  Not  Available 
 ,NAME:  Blowout:  Corrupted  Democracy,  Rogue  State  Russia,  and  the  Richest,  Most  Destructive    Industry  on  Earth
 , URL:  https://www.amazon.com/https://www.amazon.com/Blowout-Corrupted-Democracy-Destructive-Industry/dp/0525575472?_encoding=UTF8&psc=1
 , Author:  Rachel  Maddow
 , Price:  $17.99
 , Number_of_Ratings:  144
 , Average_Rating:  4.5  out  of  5  stars

 
 ,NAME:  Room  on  the  Broom
 , URL:  https://www.amazon.com/https://www.amazon.com/Room-Broom-Julia-Donaldson/dp/0142501123?_encoding=UTF8&psc=1
 , Author:  Julia  Donaldson
 , Price:  $4.79
 , Number_of_Ratings:  1,440
 , Average_Rating:  4.9  out  of  5  stars

 
 ,NAME:  Harry  Potter  and  the  Goblet  of  Fire:  The  Illustrated  Edition
 , URL:  https://www.amazon.com/https://www.amazon.com/Harry-Potter-Goblet-Fire-Illustrated/dp/0545791421?_encoding=UTF8&psc=1
 , Author:  J.  K.  Rowling
 , Price:  $28.79
 , Number_of_Ratings:  68
 , Average_Rating:  4.2  out  of  5  stars

 
 ,NAME:  Educated:  A  Memoir
 , URL:  https://www.amazon.com/https://www.amazon.com/Educated-Memoir-Tara-Westover/dp/0399590501?_encoding=UTF8&psc=1
 , Author:  Tara  Westover
 , Price:  $13.99
 , Number_of_Ratings:  9,752
 , Average_Rating:  4.7  out  of  5  stars

 
 ,NAME:  Guts
 , URL:  https://www.amazon.com/https://www.amazon.com/Guts-Raina-Telgemeier/dp/0545852501?_encoding=UTF8&psc=1
 , Author:  Raina  Telgemeier
 , Price:  $7.89
 , Number_of_Ratings:  136
 , Average_Rating:  4.7  out  of  5  stars

 
 ,NAME:  The  Guardians:  A  Novel
 , URL:  https://www.amazon.com/https://www.amazon.com/Guardians-Novel-John-Grisham/dp/0385544189?_encoding=UTF8&psc=1
 , Author:  John  Grisham
 , Price:  $17.99
 , Ber-of-Ratings:  Not  Available , Rating:  Not  Available 
 ,NAME:  The  Body:  A  Guide  for  Occupants
 , URL:  https://www.amazon.com/https://www.amazon.com/Body-Guide-Occupants-Bill-Bryson/dp/0385539304?_encoding=UTF8&psc=1
 , Author:  Bill  Bryson
 , Price:  $23.70
 , Ber-of-Ratings:  Not  Available , Rating:  Not  Available 
 ,NAME:  I  Really  Needed  This  Today:  Words  to  Live  By
 , URL:  https://www.amazon.com/https://www.amazon.com/Really-Needed-This-Today-Words/dp/0735217416?_encoding=UTF8&psc=1
 , Author:  Hoda  Kotb
 , Price:  $16.80
 , Ber-of-Ratings:  Not  Available , Rating:  Not  Available 
 ,NAME:  Where  the  Crawdads  Sing
 , URL:  https://www.amazon.com/https://www.amazon.com/Where-Crawdads-Sing-Delia-Owens/dp/0735219095?_encoding=UTF8&psc=1
 , Author:  Delia  Owens
 , Price:  $14.29
 , Number_of_Ratings:  23,499
 , Average_Rating:  4.8  out  of  5  stars

 
 ,NAME:  The  Water  Dancer  (Oprah's  Book  Club):  A  Novel
 , URL:  https://www.amazon.com/https://www.amazon.com/Water-Dancer-Novel-Ta-Nehisi-Coates/dp/0399590595?_encoding=UTF8&psc=1
 , Author:  Ta-Nehisi  Coates
 , Price:  $16.80
 , Number_of_Ratings:  161
 , Average_Rating:  4.4  out  of  5  stars

 
 ,NAME:  Dog  Man:  For  Whom  the  Ball  Rolls:  From  the  Creator  of  Captain  Underpants  (Dog  Man  #7)  (7)
 , URL:  https://www.amazon.com/https://www.amazon.com/Dog-Man-Creator-Captain-Underpants/dp/1338236598?_encoding=UTF8&psc=1
 , Author:  Dav  Pilkey
 , Price:  $7.53
 , Number_of_Ratings:  418
 , Average_Rating:  4.8  out  of  5  stars

 
 ,NAME:  The  5  Love  Languages:  The  Secret  to  Love  that  Lasts
 , URL:  https://www.amazon.com/https://www.amazon.com/Love-Languages-Secret-that-Lasts/dp/080241270X?_encoding=UTF8&psc=1
 , Author:  Gary  Chapman
 , Price:  $9.59
 , Number_of_Ratings:  12,690
 , Average_Rating:  4.8  out  of  5  stars

 
 ,NAME:  Wrecking  Ball  (Diary  of  a  Wimpy  Kid  Book  14)
 , URL:  https://www.amazon.com/https://www.amazon.com/Wrecking-Ball-Diary-Wimpy-Book/dp/1419739034?_encoding=UTF8&psc=1
 , Author:  Jeff  Kinney
 , Price:  $9.48
 , Number_of_Ratings:  13
 , Average_Rating:  4.7  out  of  5  stars

 
 ,NAME:  Talking  to  Strangers:  What  We  Should  Know  about  the  People  We  Don't  Know
 , URL:  https://www.amazon.com/https://www.amazon.com/Talking-Strangers-Should-about-People/dp/0316478520?_encoding=UTF8&psc=1
 , Author:  Malcolm  Gladwell
 , Price:  $17.99
 , Number_of_Ratings:  262
 , Average_Rating:  3.7  out  of  5  stars

 
 ,NAME:  The  Dutch  House:  A  Novel
 , URL:  https://www.amazon.com/https://www.amazon.com/Dutch-House-Novel-Ann-Patchett/dp/0062963678?_encoding=UTF8&psc=1
 , Author:  Ann  Patchett
 , Price:  $16.79
 , Number_of_Ratings:  100
 , Average_Rating:  4.3  out  of  5  stars

 
 ,NAME:  Poor  Economics:  A  Radical  Rethinking  of  the  Way  to  Fight  Global  Poverty
 , URL:  https://www.amazon.com/https://www.amazon.com/Poor-Economics-Radical-Rethinking-Poverty/dp/1610390938?_encoding=UTF8&psc=1
 , Author:  Abhijit  Banerjee
 , Price:  $7.50
 , Number_of_Ratings:  234
 , Average_Rating:  4.4  out  of  5  stars

 
 ,NAME:  The  Very  Hungry  Caterpillar
 , URL:  https://www.amazon.com/https://www.amazon.com/Very-Hungry-Caterpillar-Eric-Carle/dp/0399226907?_encoding=UTF8&psc=1
 , Author:  Eric  Carle
 , Price:  $5.91
 , Number_of_Ratings:  3,794
 , Average_Rating:  4.6  out  of  5  stars

 
 ,NAME:  If  Animals  Kissed  Good  Night
 , URL:  https://www.amazon.com/https://www.amazon.com/If-Animals-Kissed-Good-Night/dp/0374300216?_encoding=UTF8&psc=1
 , Author:  Ann  Whitford  Paul
 , Price:  $5.29
 , Number_of_Ratings:  1,401
 , Average_Rating:  4.6  out  of  5  stars

 
 ,NAME:  Inside  Out:  A  Memoir
 , URL:  https://www.amazon.com/https://www.amazon.com/Inside-Out-Memoir-Demi-Moore/dp/0062049534?_encoding=UTF8&psc=1
 , Author:  Demi  Moore
 , Price:  $16.79
 , Number_of_Ratings:  354
 , Average_Rating:  4.4  out  of  5  stars

 
 ,NAME:  Home  Work:  A  Memoir  of  My  Hollywood  Years
 , URL:  https://www.amazon.com/https://www.amazon.com/Home-Work-Memoir-Hollywood-Years/dp/0316349259?_encoding=UTF8&psc=1
 , Author:  Julie  Andrews
 , Price:  $21.00
 , Ber-of-Ratings:  Not  Available , Rating:  Not  Available 
 ,NAME:  The  Official  Bright  Line  Eating  Cookbook:  Weight  Loss  Made  Simple
 , URL:  https://www.amazon.com/https://www.amazon.com/Official-Bright-Line-Eating-Cookbook/dp/1401957137?_encoding=UTF8&psc=1
 , Author:  Susan  Peirce  Thompson
 , Price:  $21.00
 , Ber-of-Ratings:  Not  Available , Rating:  Not  Available 
 ,NAME:  Goodnight  Moon
 , URL:  https://www.amazon.com/https://www.amazon.com/Goodnight-Moon-Margaret-Wise-Brown/dp/0694003611?_encoding=UTF8&psc=1
 , Author:  Margaret  Wise  Brown
 , Price:  $5.00
 , Number_of_Ratings:  3,551
 , Average_Rating:  4.7  out  of  5  stars

 
 ,NAME:  National  Geographic  Little  Kids  First  Big  Book  of  Why  (National  Geographic  Little  Kids  First  Big  Books)
 , URL:  https://www.amazon.com/https://www.amazon.com/National-Geographic-Little-First-Books/dp/1426307934?_encoding=UTF8&psc=1
 , Author:  Amy  Shields
 , Price:  $8.99
 , Number_of_Ratings:  1,078
 , Average_Rating:  4.7  out  of  5  stars

 
 ,NAME:  How  to  Babysit  a  Grandma  (How  To...relationships)
 , URL:  https://www.amazon.com/https://www.amazon.com/How-Babysit-Grandma-relationships/dp/0385753845?_encoding=UTF8&psc=1
 , Author:  Knopf  Books  for  Young  Readers
 , Price:  $5.78
 , Number_of_Ratings:  888
 , Average_Rating:  4.8  out  of  5  stars

 
 ,NAME:  Trailblazer:  The  Power  of  Business  as  the  Greatest  Platform  for  Change
 , URL:  https://www.amazon.com/https://www.amazon.com/Trailblazer-Business-Greatest-Platform-Change/dp/1984825194?_encoding=UTF8&psc=1
 , Author:  Marc  Benioff
 , Price:  $19.60
 , Ber-of-Ratings:  Not  Available , Rating:  Not  Available 
 ,NAME:  Know  My  Name:  A  Memoir
 , URL:  https://www.amazon.com/https://www.amazon.com/Know-My-Name-Chanel-Miller/dp/073522370X?_encoding=UTF8&psc=1
 , Author:  Chanel  Miller
 , Price:  $16.80
 , Number_of_Ratings:  198
 , Average_Rating:  4.8  out  of  5  stars

 
 ,NAME:  The  Body  Keeps  the  Score:  Brain,  Mind,  and  Body  in  the  Healing  of  Trauma
 , URL:  https://www.amazon.com/https://www.amazon.com/Body-Keeps-Score-Healing-Trauma/dp/0143127748?_encoding=UTF8&psc=1
 , Author:  Bessel  van  der  Kolk  M.D.
 , Price:  $10.88
 , Number_of_Ratings:  2,120
 , Average_Rating:  4.8  out  of  5  stars

 
 ,NAME:  I  Am  Confident,  Brave  &  Beautiful:  A  Coloring  Book  for  Girls
 , URL:  https://www.amazon.com/https://www.amazon.com/Am-Confident-Brave-Beautiful-Coloring/dp/0692927999?_encoding=UTF8&psc=1
 , Author:  Hopscotch  Girls
 , Price:  $5.77
 , Number_of_Ratings:  282
 , Average_Rating:  4.7  out  of  5  stars

 
 ,NAME:  The  Four  Agreements:  A  Practical  Guide  to  Personal  Freedom  (A  Toltec  Wisdom  Book)
 , URL:  https://www.amazon.com/https://www.amazon.com/Four-Agreements-Practical-Personal-Freedom/dp/1878424319?_encoding=UTF8&psc=1
 , Author:  Don  Miguel  Ruiz
 , Price:  $6.48
 , Number_of_Ratings:  8,104
 , Average_Rating:  4.6  out  of  5  stars

 
 ,NAME:  The  Wonderful  Things  You  Will  Be
 , URL:  https://www.amazon.com/https://www.amazon.com/Wonderful-Things-You-Will-Be/dp/0385376715?_encoding=UTF8&psc=1
 , Author:  Emily  Winfield  Martin
 , Price:  $10.29
 , Number_of_Ratings:  2,173
 , Average_Rating:  4.8  out  of  5  stars

 
 ,NAME:  Witch  Hunt:  The  Story  of  the  Greatest  Mass  Delusion  in  American  Political  History
 , URL:  https://www.amazon.com/https://www.amazon.com/Witch-Hunt-Greatest-Delusion-Political/dp/0062960091?_encoding=UTF8&psc=1
 , Author:  Gregg  Jarrett
 , Price:  $18.79
 , Number_of_Ratings:  24
 , Average_Rating:  4.4  out  of  5  stars

 
 ,NAME:  The  Testaments:  The  Sequel  to  The  Handmaid's  Tale
 , URL:  https://www.amazon.com/https://www.amazon.com/Testaments-Novel-Margaret-Atwood/dp/0385543786?_encoding=UTF8&psc=1
 , Author:  Margaret  Atwood
 , Price:  $16.99
 , Number_of_Ratings:  746
 , Average_Rating:  4.6  out  of  5  stars

 
 ,NAME:  Dog  Man:  Fetch-22:  From  the  Creator  of  Captain  Underpants  (Dog  Man  #8)  (8)
 , URL:  https://www.amazon.com/https://www.amazon.com/Dog-Man-Fetch-22-Creator-Underpants/dp/1338323210?_encoding=UTF8&psc=1
 , Author:  Dav  Pilkey
 , Price:  $9.17
 , Ber-of-Ratings:  Not  Available , Rating:  Not  Available 
 ,NAME:  Agent  Running  in  the  Field:  A  Novel
 , URL:  https://www.amazon.com/https://www.amazon.com/Agent-Running-Field-John-Carr%C3%A9/dp/1984878875?_encoding=UTF8&psc=1
 , Author:  John  le  Carré
 , Price:  $20.30
 , Ber-of-Ratings:  Not  Available , Rating:  Not  Available 
 ,NAME:  Food:  What  the  Heck  Should  I  Cook?:  More  than  100  Delicious  Recipes--Pegan,  Vegan,  Paleo,  Gluten-free,  Dairy-free,  and  More--For  Lifelong  Health
 , URL:  https://www.amazon.com/https://www.amazon.com/Food-Recipes-Pegan-Gluten-free-Dairy-free-More/dp/0316453137?_encoding=UTF8&psc=1
 , Author:  Mark  Hyman
 , Price:  $22.40
 , Ber-of-Ratings:  Not  Available , Rating:  Not  Available 
 ,NAME:  The  Subtle  Art  of  Not  Giving  a  F*ck:  A  Counterintuitive  Approach  to  Living  a  Good  Life
 , URL:  https://www.amazon.com/https://www.amazon.com/Subtle-Art-Not-Giving-Counterintuitive/dp/0062457713?_encoding=UTF8&psc=1
 , Author:  Mark  Manson
 , Price:  $13.99
 , Number_of_Ratings:  5,933
 , Average_Rating:  4.4  out  of  5  stars

 
 ,NAME:  Brown  Bear,  Brown  Bear,  What  Do  You  See?
 , URL:  https://www.amazon.com/https://www.amazon.com/Brown-Bear-What-You-See/dp/0805047905?_encoding=UTF8&psc=1
 , Author:  Bill  Martin  Jr.
 , Price:  $5.79
 , Number_of_Ratings:  2,897
 , Average_Rating:  4.8  out  of  5  stars

 
 ,NAME:  How  to  Change  Your  Mind:  What  the  New  Science  of  Psychedelics  Teaches  Us  About  Consciousness,  Dying,  Addiction,  Depression,  and  Transcendence
 , URL:  https://www.amazon.com/https://www.amazon.com/Change-Your-Mind-Consciousness-Transcendence/dp/0735224153?_encoding=UTF8&psc=1
 , Author:  Michael  Pollan
 , Price:  $16.20
 , Number_of_Ratings:  551
 , Average_Rating:  4.6  out  of  5  stars

 
 ,NAME:  The  Institute:  A  Novel
 , URL:  https://www.amazon.com/https://www.amazon.com/Institute-Novel-Stephen-King/dp/1982110562?_encoding=UTF8&psc=1
 , Author:  Stephen  King
 , Price:  $17.99
 , Number_of_Ratings:  1,092
 , Average_Rating:  4.5  out  of  5  stars

 
 ,NAME:  Giraffes  Can't  Dance
 , URL:  https://www.amazon.com/https://www.amazon.com/Giraffes-Cant-Dance-Giles-Andreae/dp/0545392551?_encoding=UTF8&psc=1
 , Author:  Giles  Andreae
 , Price:  $5.00
 , Number_of_Ratings:  4,089
 , Average_Rating:  4.6  out  of  5  stars

 
 ,NAME:  Dragons  Love  Tacos
 , URL:  https://www.amazon.com/https://www.amazon.com/Dragons-Love-Tacos-Adam-Rubin/dp/0803736800?_encoding=UTF8&psc=1
 , Author:  Adam  Rubin
 , Price:  $12.79
 , Number_of_Ratings:  2,469
 , Average_Rating:  4.5  out  of  5  stars

 
 ,NAME:  If  You  Give  a  Pig  the  White  House:  A  Parody  for  Adults
 , URL:  https://www.amazon.com/https://www.amazon.com/You-Give-Pig-White-House/dp/1250256410?_encoding=UTF8&psc=1
 , Author:  Faye  Kanouse
 , Price:  $12.19
 , Number_of_Ratings:  42
 , Average_Rating:  4.9  out  of  5  stars

 
 ,NAME:  The  Ride  of  a  Lifetime:  Lessons  Learned  from  15  Years  as  CEO  of  the  Walt  Disney  Company
 , URL:  https://www.amazon.com/https://www.amazon.com/Ride-Lifetime-Lessons-Learned-Company/dp/0399592091?_encoding=UTF8&psc=1
 , Author:  Robert  Iger
 , Price:  $16.80
 , Number_of_Ratings:  55
 , Average_Rating:  4.6  out  of  5  stars

 
 ,NAME:  Super  Human:  The  Bulletproof  Plan  to  Age  Backward  and  Maybe  Even  Live  Forever
 , URL:  https://www.amazon.com/https://www.amazon.com/Super-Human-Bulletproof-Backward-Forever/dp/0062882821?_encoding=UTF8&psc=1
 , Author:  Dave  Asprey
 , Price:  $17.89
 , Number_of_Ratings:  22
 , Average_Rating:  4.6  out  of  5  stars

 
 ,NAME:  The  Book  of  Gutsy  Women:  Favorite Stories  of  Courage  and  Resilience
 , URL:  https://www.amazon.com/https://www.amazon.com/Book-Gutsy-Women-Favorite-Stories-Resilience/dp/1501178415?_encoding=UTF8&psc=1
 , Author:  Hillary  Rodham  Clinton
 , Price:  $21.00
 , Number_of_Ratings:  67
 , Average_Rating:  4.0  out  of  5  stars

 
 ,NAME:  Rachael  Ray  50:  Memories  and  Meals  from  a  Sweet  and  Savory  Life:  A  Cookbook
 , URL:  https://www.amazon.com/https://www.amazon.com/Rachael-Ray-50-Memories-Cookbook/dp/198481799X?_encoding=UTF8&psc=1
 , Author:  Rachael  Ray
 , Price:  $25.28
 , Ber-of-Ratings:  Not  Available , Rating:  Not  Available 
 ,NAME:  Turkey  Trick  or  Treat  (Turkey  Trouble)
 , URL:  https://www.amazon.com/https://www.amazon.com/Turkey-Trick-Treat-Trouble/dp/1477849742?_encoding=UTF8&psc=1
 , Author:  Wendi  Silvano
 , Price:  $13.95
 , Number_of_Ratings:  66
 , Average_Rating:  4.8  out  of  5  stars

 
 ,NAME:  School  Zone  -  Big  Preschool  Workbook  -  Ages  4  and  Up,  Colors,  Shapes,  Numbers  1-10,  Alphabet,  Pre-Writing,  Pre-Reading,  Phonics,  and  More  (School  Zone  Big  Workbook  Series)
 , URL:  https://www.amazon.com/https://www.amazon.com/School-Zone-Preschool-Pre-Writing-Pre-Reading/dp/0887431453?_encoding=UTF8&psc=1
 , Author:  School  Zone
 , Price:  $6.69
 , Number_of_Ratings:  1,523
 , Average_Rating:  4.8  out  of  5  stars

 
 ,NAME:  Becoming
 , URL:  https://www.amazon.com/https://www.amazon.com/Becoming-Michelle-Obama/dp/1524763136?_encoding=UTF8&psc=1
 , Author:  Michelle  Obama
 , Price:  $16.29
 , Number_of_Ratings:  15,639
 , Average_Rating:  4.9  out  of  5  stars

 
 ,NAME:  Movies  (And  Other  Things)
 , URL:  https://www.amazon.com/https://www.amazon.com/Movies-Other-Things-Shea-Serrano/dp/1538730197?_encoding=UTF8&psc=1
 , Author:  Shea  Serrano
 , Price:  $14.99
 , Number_of_Ratings:  36
 , Average_Rating:  4.8  out  of  5  stars

 
 ,NAME:  Rich  Dad  Poor  Dad:  What  the  Rich  Teach  Their  Kids  About  Money  That  the  Poor  and  Middle  Class  Do  Not!
 , URL:  https://www.amazon.com/https://www.amazon.com/Rich-Dad-Poor-Teach-Middle/dp/1612680194?_encoding=UTF8&psc=1
 , Author:  Robert  T.  Kiyosaki
 , Price:  $5.39
 , Number_of_Ratings:  7,950
 , Average_Rating:  4.6  out  of  5  stars

 
 ,NAME:  What  Should  Danny  Do?  (The  Power  to  Choose  Series)
 , URL:  https://www.amazon.com/https://www.amazon.com/What-Should-Danny-Power-Choose/dp/069284838X?_encoding=UTF8&psc=1
 , Author:  Adir  Levy
 , Price:  $13.19
 , Number_of_Ratings:  745
 , Average_Rating:  4.7  out  of  5  stars

 
 ,NAME:  The  Giver  of  Stars:  A  Novel
 , URL:  https://www.amazon.com/https://www.amazon.com/Giver-Stars-Novel-Jojo-Moyes/dp/0399562486?_encoding=UTF8&psc=1
 , Author:  Jojo  Moyes
 , Price:  $16.80
 , Number_of_Ratings:  30
 , Average_Rating:  4.4  out  of  5  stars

 
 ,NAME:  The  Unofficial  Harry  Potter  Cookbook:  From  Cauldron  Cakes  to  Knickerbocker  Glory--More  Than  150  Magical  Recipes  for  Wizards  and  Non-Wizards  Alike  (Unofficial  Cookbook)
 , URL:  https://www.amazon.com/https://www.amazon.com/Unofficial-Harry-Potter-Cookbook-Knickerbocker/dp/1440503257?_encoding=UTF8&psc=1
 , Author:  Dinah  Bucholz
 , Price:  $10.95
 , Number_of_Ratings:  1,744
 , Average_Rating:  4.6  out  of  5  stars

 
 ,NAME:  It's  Not  Supposed  to  Be  This  Way:  Finding  Unexpected  Strength  When  Disappointments  Leave  You  Shattered
 , URL:  https://www.amazon.com/https://www.amazon.com/Its-Not-Supposed-This-Disappointments/dp/0718039858?_encoding=UTF8&psc=1
 , Author:  Lysa  TerKeurst
 , Price:  $12.46
 , Number_of_Ratings:  1,029
 , Average_Rating:  4.8  out  of  5  stars

 
 ,NAME:  The  Wonky  Donkey
 , URL:  https://www.amazon.com/https://www.amazon.com/Wonky-Donkey-Craig-Smith/dp/0545261244?_encoding=UTF8&psc=1
 , Author:  Craig  Smith
 , Price:  $4.99
 , Number_of_Ratings:  6,333
 , Average_Rating:  4.7  out  of  5  stars

 
 ,NAME:  To  Kill  a  Mockingbird
 , URL:  https://www.amazon.com/https://www.amazon.com/Kill-Mockingbird-Harper-Lee/dp/0060935464?_encoding=UTF8&psc=1
 , Author:  Harper  Lee
 , Price:  $7.19
 , Number_of_Ratings:  10,378
 , Average_Rating:  4.8  out  of  5  stars

 
 ,NAME:  What  to  Expect  When  You're  Expecting
 , URL:  https://www.amazon.com/https://www.amazon.com/What-Expect-When-Youre-Expecting/dp/0761187480?_encoding=UTF8&psc=1
 , Author:  Heidi  Murkoff
 , Price:  $10.29
 , Number_of_Ratings:  1,056
 , Average_Rating:  4.4  out  of  5  stars

 
 ,NAME:  The  Tyrant's  Tomb  (The  Trials  of  Apollo,  Book  Four)
 , URL:  https://www.amazon.com/https://www.amazon.com/Tyrants-Tomb-Trials-Apollo-Book/dp/1484746449?_encoding=UTF8&psc=1
 , Author:  Rick  Riordan
 , Price:  $11.99
 , Number_of_Ratings:  56
 , Average_Rating:  4.8  out  of  5  stars

 
 ,NAME:  Little  Blue  Truck's  Halloween
 , URL:  https://www.amazon.com/https://www.amazon.com/Little-Trucks-Halloween-Alice-Schertle/dp/0544772539?_encoding=UTF8&psc=1
 , Author:  Alice  Schertle
 , Price:  $10.39
 , Number_of_Ratings:  591
 , Average_Rating:  4.8  out  of  5  stars

 
 ,NAME:  Instant  Pot  Pressure  Cooker  Cookbook:  500  Everyday  Recipes  for  Beginners  and  Advanced  Users.  Try  Easy  and  Healthy  Instant  Pot  Recipes.
 , URL:  https://www.amazon.com/https://www.amazon.com/Instant-Pot-Pressure-Cooker-Cookbook/dp/1727408403?_encoding=UTF8&psc=1
 , Author:  Jennifer  Smith
 , Price:  $13.99
 , Number_of_Ratings:  1,890
 , Average_Rating:  4.3  out  of  5  stars

 
 ,NAME:  The  Complete  Ketogenic  Diet  for  Beginners:  Your  Essential  Guide  to  Living  the  Keto  Lifestyle
 , URL:  https://www.amazon.com/https://www.amazon.com/Complete-Ketogenic-Diet-Beginners-Essential/dp/1623158087?_encoding=UTF8&psc=1
 , Author:  Amy  Ramos
 , Price:  $6.99
 , Number_of_Ratings:  2,297
 , Average_Rating:  4.1  out  of  5  stars

 
 ,NAME:  Spooky  Pookie  (Little  Pookie)
 , URL:  https://www.amazon.com/https://www.amazon.com/Spooky-Pookie-Little-Sandra-Boynton/dp/1481497677?_encoding=UTF8&psc=1
 , Author:  Sandra  Boynton
 , Price:  $4.79
 , Number_of_Ratings:  212
 , Average_Rating:  4.8  out  of  5  stars

 
 ,NAME:  Carson  Dellosa  -  First  Words  Flash  Cards  -  54  Cards  for  Phonics,  Sight  Words,  Letter  Recognition,  Early  Development  for  Preschool  Toddler  Ages  4+
 , URL:  https://www.amazon.com/https://www.amazon.com/First-Words-Flash-Cards-Brighter/dp/0769647197?_encoding=UTF8&psc=1
 , Author:  Brighter  Child
 , Price:  $2.99
 , Number_of_Ratings:  1,348
 , Average_Rating:  4.5  out  of  5  stars

 
 ,NAME:  Call  Sign  Chaos:  Learning  to  Lead
 , URL:  https://www.amazon.com/https://www.amazon.com/Call-Sign-Chaos-Learning-Lead/dp/0812996836?_encoding=UTF8&psc=1
 , Author:  Jim  Mattis
 , Price:  $16.89
 , Number_of_Ratings:  222
 , Average_Rating:  4.7  out  of  5  stars

 
 ,NAME:  The  Itsy  Bitsy  Pumpkin
 , URL:  https://www.amazon.com/https://www.amazon.com/Itsy-Bitsy-Pumpkin-Sonali-Fry/dp/1481405055?_encoding=UTF8&psc=1
 , Author:  Sonali  Fry
 , Price:  $5.79
 , Number_of_Ratings:  204
 , Average_Rating:  4.8  out  of  5  stars

 
 ,NAME:  The  United  States  of  Trump:  How  the  President  Really  Sees  America
 , URL:  https://www.amazon.com/https://www.amazon.com/United-States-Trump-President-America/dp/125023722X?_encoding=UTF8&psc=1
 , Author:  Bill  O'Reilly
 , Price:  $16.80
 , Number_of_Ratings:  209
 , Average_Rating:  4.5  out  of  5  stars

 
 ,NAME:  School  Zone  -  Multiplication  0-12  Flash  Cards  -  Ages  8+,  3rd  Grade,  4th  Grade,  Elementary  Math,  Multiplication  Facts,  Common  Core,  and  More
 , URL:  https://www.amazon.com/https://www.amazon.com/School-Zone-Multiplication-Grades-Concentration/dp/0938256939?_encoding=UTF8&psc=1
 , Author:  School  Zone
 , Price:  $2.99
 , Number_of_Ratings:  382
 , Average_Rating:  3.9  out  of  5  stars

 
 ,NAME:  The  Great  Mental  Models:  General  Thinking  Concepts
 , URL:  https://www.amazon.com/https://www.amazon.com/Great-Mental-Models-Thinking-Concepts/dp/1999449002?_encoding=UTF8&psc=1
 , Author:  Farnam  Street
 , Price:  $15.86
 , Number_of_Ratings:  19
 , Average_Rating:  4.1  out  of  5  stars

 
 ,NAME:  Official  SAT  Study  Guide  2020  Edition
 , URL:  https://www.amazon.com/https://www.amazon.com/Official-SAT-Study-Guide-2020/dp/1457312190?_encoding=UTF8&psc=1
 , Author:  The  College  Board
 , Price:  $17.89
 , Number_of_Ratings:  95
 , Average_Rating:  4.3  out  of  5  stars

 
 ,NAME:  The  19th  Christmas  (Women's  Murder  Club)
 , URL:  https://www.amazon.com/https://www.amazon.com/19th-Christmas-Womens-Murder-Club/dp/0316420271?_encoding=UTF8&psc=1
 , Author:  James  Patterson
 , Price:  $17.40
 , Number_of_Ratings:  28
 , Average_Rating:  3.9  out  of  5  stars

 
 ,NAME:  The  Oracle:  The  Jubilean  Mysteries  Unveiled
 , URL:  https://www.amazon.com/https://www.amazon.com/Oracle-Jubilean-Mysteries-Unveiled/dp/1629996297?_encoding=UTF8&psc=1
 , Author:  Jonathan  Cahn
 , Price:  $14.99
 , Number_of_Ratings:  341
 , Average_Rating:  4.7  out  of  5  stars

 
 ,NAME:  Stillness  Is  the  Key
 , URL:  https://www.amazon.com/https://www.amazon.com/Stillness-Key-Ryan-Holiday/dp/0525538585?_encoding=UTF8&psc=1
 , Author:  Ryan  Holiday
 , Price:  $14.99
 , Number_of_Ratings:  64
 , Average_Rating:  4.3  out  of  5  stars

 
 ,NAME:  Where  the  Crawdads  Sing
 , URL:  https://www.amazon.com/https://www.amazon.com/Where-Crawdads-Sing-Delia-Owens/dp/1984827618?_encoding=UTF8&psc=1
 , Author:  Delia  Owens
 , Price:  $15.39
 , Number_of_Ratings:  23,499
 , Average_Rating:  4.8  out  of  5  stars

 
 ,NAME:  StrengthsFinder  2.0
 , URL:  https://www.amazon.com/https://www.amazon.com/StrengthsFinder-2-0-Tom-Rath/dp/159562015X?_encoding=UTF8&psc=1
 , Author:  Tom  Rath
 , Price:  $14.59
 , Number_of_Ratings:  3,729
 , Average_Rating:  4.0  out  of  5  stars

 
 ,NAME:  Difficult  Riddles  For  Smart  Kids:  300  Difficult  Riddles  And  Brain  Teasers  Families  Will  Love  (Books  for  Smart  Kids)
 , URL:  https://www.amazon.com/https://www.amazon.com/Difficult-Riddles-Smart-Kids-Families/dp/1546595902?_encoding=UTF8&psc=1
 , Author:  M  Prefontaine
 , Price:  $5.49
 , Number_of_Ratings:  123
 , Average_Rating:  4.6  out  of  5  stars

 
 ,NAME:  Instant  Loss:  Eat  Real,  Lose  Weight:  How  I  Lost  125  Pounds--Includes  100+  Recipes
 , URL:  https://www.amazon.com/https://www.amazon.com/Instant-Loss-Weight-Pounds-Recipes/dp/035812185X?_encoding=UTF8&psc=1
 , Author:  Brittany  Williams
 , Price:  $17.49
 , Ber-of-Ratings:  Not  Available , Rating:  Not  Available 
 ,NAME:  Ninth  House
 , URL:  https://www.amazon.com/https://www.amazon.com/Ninth-House-Leigh-Bardugo/dp/1250313074?_encoding=UTF8&psc=1
 , Author:  Leigh  Bardugo
 , Price:  $16.79
 , Number_of_Ratings:  18
 , Average_Rating:  4.3  out  of  5  stars

 
 ,NAME:  The  Road  Back  to  You:  An  Enneagram  Journey  to  Self-Discovery
 , URL:  https://www.amazon.com/https://www.amazon.com/Road-Back-You-Enneagram-Self-Discovery/dp/0830846190?_encoding=UTF8&psc=1
 , Author:  Ian  Morgan  Cron
 , Price:  $14.49
 , Number_of_Ratings:  590
 , Average_Rating:  4.6  out  of  5  stars

 
 ,NAME:  Pete  the  Cat:  Trick  or  Pete
 , URL:  https://www.amazon.com/https://www.amazon.com/Pete-Cat-Trick-James-Dean/dp/006219870X?_encoding=UTF8&psc=1
 , Author:  James  Dean
 , Price:  $5.59
 , Number_of_Ratings:  121
 , Average_Rating:  4.7  out  of  5  stars

 
 ,NAME:  The  Pout-Pout  Fish
 , URL:  https://www.amazon.com/https://www.amazon.com/Pout-Pout-Fish-Deborah-Diesen/dp/0374360979?_encoding=UTF8&psc=1
 , Author:  Deborah  Diesen
 , Price:  $5.00
 , Number_of_Ratings:  3,157
 , Average_Rating:  4.8  out  of  5  stars

 
 ,NAME:  Peek-A  Who?  (Lift  the  Flap  Books,  Interactive  Books  for  Kids,  Interactive  Read  Aloud  Books)
 , URL:  https://www.amazon.com/https://www.amazon.com/Peek-Who-Nina-Laden/dp/0811826023?_encoding=UTF8&psc=1
 , Author:  Nina  Laden
 , Price:  $5.99
 , Number_of_Ratings:  1,360
 , Average_Rating:  4.8  out  of  5  stars

 
 ,NAME:  The  Pioneer  Woman  Cooks:  The  New  Frontier:  112  Fantastic  Favorites  for  Everyday  Eating
 , URL:  https://www.amazon.com/https://www.amazon.com/Pioneer-Woman-Cooks-Fantastic-Favorites/dp/0062561375?_encoding=UTF8&psc=1
 , Author:  Ree  Drummond
 , Price:  $19.44
 , Ber-of-Ratings:  Not  Available , Rating:  Not  Available 
 ,NAME:  The  Overstory:  A  Novel
 , URL:  https://www.amazon.com/https://www.amazon.com/Overstory-Novel-Richard-Powers/dp/039335668X?_encoding=UTF8&psc=1
 , Author:  Richard  Powers
 , Price:  $11.37
 , Number_of_Ratings:  1,159
 , Average_Rating:  4.4  out  of  5  stars

 
 ,NAME:  Rhythms  of  Renewal:  Trading  Stress  and  Anxiety  for  a  Life  of  Peace  and  Purpose
 , URL:  https://www.amazon.com/https://www.amazon.com/Rhythms-Renewal-Trading-Anxiety-Purpose/dp/0310356148?_encoding=UTF8&psc=1
 , Author:  Rebekah  Lyons
 , Price:  $16.13
 , Number_of_Ratings:  210
 , Average_Rating:  4.9  out  of  5  stars

 
 ,NAME:  Love  You  Forever
 , URL:  https://www.amazon.com/https://www.amazon.com/Love-You-Forever-Robert-Munsch/dp/0920668372?_encoding=UTF8&psc=1
 , Author:  Robert  Munsch
 , Price:  $5.00
 , Number_of_Ratings:  7,225
 , Average_Rating:  4.8  out  of  5  stars

 
 ,NAME:  Vegetables  in  Underwear
 , URL:  https://www.amazon.com/https://www.amazon.com/Vegetables-Underwear-Jared-Chapman/dp/1419723774?_encoding=UTF8&psc=1
 , Author:  Jared  Chapman
 , Price:  $6.39
 , Number_of_Ratings:  318
 , Average_Rating:  4.7  out  of  5  stars

 
 ,NAME:  The  Hidden  Kingdom  (Wings  of  Fire  Graphic  Novel  #3):  A  Graphix  Book  (3)
 , URL:  https://www.amazon.com/https://www.amazon.com/Hidden-Kingdom-Wings-Graphic-Novel/dp/1338344056?_encoding=UTF8&psc=1
 , Author:  Tui  T.  Sutherland
 , Price:  $9.62
 , Ber-of-Ratings:  Not  Available , Rating:  Not  Available 
 ,NAME:  Player's  Handbook  (Dungeons  &  Dragons)
 , URL:  https://www.amazon.com/https://www.amazon.com/Players-Handbook-Dungeons-Dragons-Wizards/dp/0786965606?_encoding=UTF8&psc=1
 , Author:  Wizards  RPG  Team
 , Price:  $29.97
 , Number_of_Ratings:  3,638
 , Average_Rating:  4.6  out  of  5  stars

 
 ,NAME:  10  Busy  Brooms
 , URL:  https://www.amazon.com/https://www.amazon.com/10-Busy-Brooms-Carole-Gerber/dp/1524768995?_encoding=UTF8&psc=1
 , Author:  Carole  Gerber
 , Price:  $7.18
 , Number_of_Ratings:  18
 , Average_Rating:  4.9  out  of  5  stars

 
 ,NAME:  The  Giving  Tree
 , URL:  https://www.amazon.com/https://www.amazon.com/Giving-Tree-Shel-Silverstein/dp/0060256656?_encoding=UTF8&psc=1
 , Author:  Shel  Silverstein
 , Price:  $8.99
 , Number_of_Ratings:  3,362
 , Average_Rating:  4.8  out  of  5  stars

 
 ,NAME:  The  Care  and  Keeping  of  You:  The  Body  Book  for  Younger  Girls,  Revised  Edition  (American  Girl  Library)
 , URL:  https://www.amazon.com/https://www.amazon.com/Care-Keeping-You-Younger-American/dp/1609580834?_encoding=UTF8&psc=1
 , Author:  Valorie  Schaefer
 , Price:  $7.89
 , Number_of_Ratings:  3,005
 , Average_Rating:  4.8  out  of  5  stars

 
 ,NAME:  Five  Little  Monkeys  Trick-or-Treat  (A  Five  Little  Monkeys  Story)
 , URL:  https://www.amazon.com/https://www.amazon.com/Little-Monkeys-Trick-Treat-Story/dp/054443062X?_encoding=UTF8&psc=1
 , Author:  Eileen  Christelow
 , Price:  $7.99
 , Number_of_Ratings:  31
 , Average_Rating:  4.7  out  of  5  stars

 
 ,NAME:  The  Total  Money  Makeover:  Classic  Edition:  A  Proven  Plan  for  Financial  Fitness
 , URL:  https://www.amazon.com/https://www.amazon.com/Total-Money-Makeover-Classic-Financial/dp/1595555277?_encoding=UTF8&psc=1
 , Author:  Dave  Ramsey
 , Price:  $11.89
 , Number_of_Ratings:  3,925
 , Average_Rating:  4.7  out  of  5  stars

 
 ,NAME:  Sapiens:  A  Brief  History  of  Humankind
 , URL:  https://www.amazon.com/https://www.amazon.com/Sapiens-Humankind-Yuval-Noah-Harari/dp/0062316117?_encoding=UTF8&psc=1
 , Author:  Yuval  Noah  Harari
 , Price:  $13.59
 , Number_of_Ratings:  6,323
 , Average_Rating:  4.5  out  of  5  stars

 
 ,NAME:  Unicorn  Coloring  Book:  For  Kids  Ages  4-8  (US  Edition)
 , URL:  https://www.amazon.com/https://www.amazon.com/Unicorn-Coloring-Book-Kids-Ages/dp/1999896963?_encoding=UTF8&psc=1
 , Author:  Silly  Bear
 , Price:  $4.99
 , Number_of_Ratings:  437
 , Average_Rating:  4.8  out  of  5  stars

 
 ,NAME:  Good  Night,  Little  Blue  Truck
 , URL:  https://www.amazon.com/https://www.amazon.com/Good-Night-Little-Blue-Truck/dp/132885213X?_encoding=UTF8&psc=1
 , Author:  Alice  Schertle
 , Price:  $12.58
 , Ber-of-Ratings:  Not  Available , Rating:  Not  Available 
 ,NAME:  You  Are  Worth  It:  Building  a  Life  Worth  Fighting  For
 , URL:  https://www.amazon.com/https://www.amazon.com/You-Are-Worth-Building-Fighting/dp/006289854X?_encoding=UTF8&psc=1
 , Author:  Kyle  Carpenter
 , Price:  $25.19
 , Ber-of-Ratings:  Not  Available , Rating:  Not  Available 
