 ,NAME:  Raavan:  Enemy  of  Aryavarta  (Ram  Chandra  Series  -  Book  3)
 , URL:  https://www.amazon.com/https://www.amazon.com/Raavan-Enemy-Aryavarta-Chandra-Book/dp/9388754085?_encoding=UTF8&psc=1
 , Author:  Amish  Tripathi
 , Price:  ₹ 159.00
 , Number_of_Ratings:  1,599
 , Average_Rating:  4.4  out  of  5  stars

 
 ,NAME:  The  Power  of  your  Subconscious  Mind
 , URL:  https://www.amazon.com/https://www.amazon.com/Power-your-Subconscious-Mind/dp/8192910962?_encoding=UTF8&psc=1
 , Author:  Joseph  Murphy
 , Price:  ₹ 99.00
 , Number_of_Ratings:  6,389
 , Average_Rating:  4.6  out  of  5  stars

 
 ,NAME:  Think  and  Grow  Rich
 , URL:  https://www.amazon.com/https://www.amazon.com/Think-Grow-Rich-Napoleon-Hill/dp/8192910911?_encoding=UTF8&psc=1
 , Author:  Napoleon  Hill
 , Price:  ₹ 99.00
 , Number_of_Ratings:  5,220
 , Average_Rating:  4.6  out  of  5  stars

 
 ,NAME:  The  Girl  in  Room  105
 , URL:  https://www.amazon.com/https://www.amazon.com/Girl-Room-105-Chetan-Bhagat/dp/1542040469?_encoding=UTF8&psc=1
 , Author:  Chetan  Bhagat
 , Price:  ₹ 79.00
 , Number_of_Ratings:  3,065
 , Average_Rating:  4.2  out  of  5  stars

 
 ,NAME:  Phir  Meri  Yaad  /  फिर  मेरी  याद
 , URL:  https://www.amazon.com/https://www.amazon.com/Phir-Meri-Yaad-%E0%A4%AB%E0%A4%BF%E0%A4%B0-%E0%A4%AE%E0%A5%87%E0%A4%B0%E0%A5%80/dp/9388933605?_encoding=UTF8&psc=1
 , Author:  Kumar  Vishwas
 , Price:  ₹ 179.00
 , Number_of_Ratings:  11
 , Average_Rating:  5.0  out  of  5  stars

 
 ,NAME:  The  5  AM  Club:  Own  Your  Morning,  Elevate  Your  Life
 , URL:  https://www.amazon.com/https://www.amazon.com/AM-Club-Your-Morning-Elevate/dp/9387944891?_encoding=UTF8&psc=1
 , Author:  Robin  Sharma
 , Price:  ₹ 185.00
 , Number_of_Ratings:  1,120
 , Average_Rating:  4.4  out  of  5  stars

 
 ,NAME:  The  Alchemist
 , URL:  https://www.amazon.com/https://www.amazon.com/Alchemist-Paulo-Coelho/dp/8172234988?_encoding=UTF8&psc=1
 , Author:  Paulo  Coelho
 , Price:  ₹ 140.00
 , Number_of_Ratings:  4,450
 , Average_Rating:  4.7  out  of  5  stars

 
 ,NAME:  Word  Power  Made  Easy
 , URL:  https://www.amazon.com/https://www.amazon.com/Word-Power-Made-Norman-Lewis/dp/8183071007?_encoding=UTF8&psc=1
 , Author:  Norman  Lewis
 , Price:  ₹ 119.00
 , Number_of_Ratings:  7,012
 , Average_Rating:  4.4  out  of  5  stars

 
 ,NAME:  How  to  Win  Friends  and  Influence  People
 , URL:  https://www.amazon.com/https://www.amazon.com/How-Win-Friends-Influence-People/dp/8192910997?_encoding=UTF8&psc=1
 , Author:  Dale  Carnegie
 , Price:  ₹ 93.00
 , Number_of_Ratings:  3,517
 , Average_Rating:  4.6  out  of  5  stars

 
 ,NAME:  Life's  Amazing  Secrets:  How  to  Find  Balance  and  Purpose  in  Your  Life
 , URL:  https://www.amazon.com/https://www.amazon.com/Lifes-Amazing-Secrets-Balance-Purpose/dp/0143442295?_encoding=UTF8&psc=1
 , Author:  Gaur  Gopal  Das
 , Price:  ₹ 192.50
 , Number_of_Ratings:  1,903
 , Average_Rating:  4.7  out  of  5  stars

 
 ,NAME:  The  Subtle  Art  of  Not  Giving  a  F*ck
 , URL:  https://www.amazon.com/https://www.amazon.com/Subtle-Art-Not-Giving/dp/0062641549?_encoding=UTF8&psc=1
 , Author:  Mark  Manson
 , Price:  ₹ 449.00
 , Number_of_Ratings:  1,695
 , Average_Rating:  4.3  out  of  5  stars

 
 ,NAME:  Sapiens:  A  Brief  History  of  Humankind
 , URL:  https://www.amazon.com/https://www.amazon.com/Sapiens-Humankind-Yuval-Noah-Harari/dp/0099590085?_encoding=UTF8&psc=1
 , Author:  Yuval  Noah  Harari
 , Price:  ₹ 245.00
 , Number_of_Ratings:  2,202
 , Average_Rating:  4.6  out  of  5  stars

 
 ,NAME:  The  Monk  Who  Sold  His  Ferrari
 , URL:  https://www.amazon.com/https://www.amazon.com/Monk-Who-Sold-His-Ferrari/dp/817992162X?_encoding=UTF8&psc=1
 , Author:  Robin  Sharma
 , Price:  ₹ 122.00
 , Number_of_Ratings:  3,209
 , Average_Rating:  4.6  out  of  5  stars

 
 ,NAME:  Poor  Economics:  Rethinking  Poverty  &  the  Ways  to  End  it
 , URL:  https://www.amazon.com/https://www.amazon.com/Poor-Economics-Rethinking-Poverty-Ways/dp/8184002807?_encoding=UTF8&psc=1
 , Author:  Abhijit  V.  Banerjee
 , Price:  ₹ 324.00
 , Number_of_Ratings:  52
 , Average_Rating:  4.5  out  of  5  stars

 
 ,NAME:  My  First  Library:  Boxset  of  10  Board  Books  for  Kids
 , URL:  https://www.amazon.com/https://www.amazon.com/My-First-Library-Boxset-Board/dp/9387779262?_encoding=UTF8&psc=1
 , Author:  Wonder  House  Books
 , Price:  ₹ 375.00
 , Number_of_Ratings:  1,172
 , Average_Rating:  4.5  out  of  5  stars

 
 ,NAME:  Quantitative  Aptitude  for  Competitive  Examinations
 , URL:  https://www.amazon.com/https://www.amazon.com/Quantitative-Aptitude-Competitive-Examinations-Aggarwal/dp/9352534026?_encoding=UTF8&psc=1
 , Author:  R  S  Aggarwal
 , Price:  ₹ 475.00
 , Number_of_Ratings:  2,376
 , Average_Rating:  4.4  out  of  5  stars

 
 ,NAME:  General  Knowledge
 , URL:  https://www.amazon.com/https://www.amazon.com/General-Knowledge-Dr-Binay-Karna/dp/9384761540?_encoding=UTF8&psc=1
 , Author:  Dr.  Binay  Karna
 , Price:  ₹ 135.00
 , Number_of_Ratings:  2,997
 , Average_Rating:  4.4  out  of  5  stars

 
 ,NAME:  Rich  Dad  Poor  Dad:  What  the  Rich  Teach  Their  Kids  About  Money  That  the  Poor  and  Middle  Class  Do  Not!
 , URL:  https://www.amazon.com/https://www.amazon.com/Rich-Dad-Poor-Middle-Updates/dp/1612680194?_encoding=UTF8&psc=1
 , Author:  Robert  T.  Kiyosaki
 , Price:  ₹ 296.00
 , Number_of_Ratings:  3,706
 , Average_Rating:  4.5  out  of  5  stars

 
 ,NAME:  The  Great  Gatsby
 , URL:  https://www.amazon.com/https://www.amazon.com/Great-Gatsby-F-Scott-Fitzgerald/dp/8172344562?_encoding=UTF8&psc=1
 , Author:  F.  Scott  Fitzgerald
 , Price:  ₹ 44.00
 , Number_of_Ratings:  428
 , Average_Rating:  4.2  out  of  5  stars

 
 ,NAME:  Great  Stories  for  Children
 , URL:  https://www.amazon.com/https://www.amazon.com/Great-Stories-Children-Ruskin-Bond/dp/8129118920?_encoding=UTF8&psc=1
 , Author:  Ruskin  Bond
 , Price:  ₹ 78.00
 , Number_of_Ratings:  416
 , Average_Rating:  4.4  out  of  5  stars

 
 ,NAME:  Indian  Polity  5th  Edition
 , URL:  https://www.amazon.com/https://www.amazon.com/Indian-Polity-5th-M-Laxmikanth/dp/935260363X?_encoding=UTF8&psc=1
 , Author:  M.  Laxmikanth
 , Price:  ₹ 468.00
 , Number_of_Ratings:  3,350
 , Average_Rating:  4.5  out  of  5  stars

 
 ,NAME:  Attitude  Is  Everything:  Change  Your  Attitude  ...  Change  Your  Life!
 , URL:  https://www.amazon.com/https://www.amazon.com/Attitude-Everything-Change-Your-Life/dp/9351772071?_encoding=UTF8&psc=1
 , Author:  Jeff  Keller
 , Price:  ₹ 80.00
 , Number_of_Ratings:  1,545
 , Average_Rating:  4.6  out  of  5  stars

 
 ,NAME:  Ikigai
 , URL:  https://www.amazon.com/https://www.amazon.com/Ikigai-H%C3%A9ctor-Garc%C3%ADa/dp/178633089X?_encoding=UTF8&psc=1
 , Author:  Héctor  García
 , Price:  ₹ 257.00
 , Number_of_Ratings:  150
 , Average_Rating:  4.2  out  of  5  stars

 
 ,NAME:  Inner  Engineering:  A  Yogi’s  Guide  to  Joy
 , URL:  https://www.amazon.com/https://www.amazon.com/Inner-Engineering-Yogis-Guide-Joy/dp/0143428845?_encoding=UTF8&psc=1
 , Author:  Sadhguru
 , Price:  ₹ 118.00
 , Number_of_Ratings:  1,809
 , Average_Rating:  4.7  out  of  5  stars

 
 ,NAME:  Wuthering  Heights
 , URL:  https://www.amazon.com/https://www.amazon.com/Wuthering-Heights-Emily-Bront%C3%AB/dp/8172344899?_encoding=UTF8&psc=1
 , Author:  Emily  Brontë
 , Price:  ₹ 49.00
 , Number_of_Ratings:  520
 , Average_Rating:  4.3  out  of  5  stars

 
 ,NAME:  A  Brief  History  of  Modern  India  (2019-2020  Edition)  by    Spectrum  Books
 , URL:  https://www.amazon.com/https://www.amazon.com/Brief-History-Modern-2019-2020-Spectrum/dp/8179307212?_encoding=UTF8&psc=1
 , Author:  Spectrum  Books  Pvt.Ltd.
 , Price:  ₹ 257.00
 , Number_of_Ratings:  90
 , Average_Rating:  4.3  out  of  5  stars

 
 ,NAME:  NTA    UGC  -  NET/SET/JRF  Paper  I  -  Teaching  and  Research  Aptitude  |  Includes  2019  Paper  |  Third  Edition  |  By  Pearson
 , URL:  https://www.amazon.com/https://www.amazon.com/NTA-UGC-Teaching-Research-Aptitude/dp/9353439531?_encoding=UTF8&psc=1
 , Author:  K  V  S  Madaan
 , Price:  ₹ 431.99
 , Number_of_Ratings:  56
 , Average_Rating:  4.4  out  of  5  stars

 
 ,NAME:  The  Intelligent  Investor  (English)  Paperback  –  2013
 , URL:  https://www.amazon.com/https://www.amazon.com/Intelligent-Investor-English-Paperback-2013/dp/0062312685?_encoding=UTF8&psc=1
 , Author:  Benjamin  Graham
 , Price:  ₹ 320.00
 , Number_of_Ratings:  1,417
 , Average_Rating:  4.3  out  of  5  stars

 
 ,NAME:  Wings  of  Fire:  An  Autobiography  of  Abdul  Kalam
 , URL:  https://www.amazon.com/https://www.amazon.com/Wings-Fire-Autobiography-Abdul-Kalam/dp/8173711461?_encoding=UTF8&psc=1
 , Author:  Arun  Tiwari
 , Price:  ₹ 239.00
 , Number_of_Ratings:  2,429
 , Average_Rating:  4.6  out  of  5  stars

 
 ,NAME:  Who  Will  Cry  When  You  Die?
 , URL:  https://www.amazon.com/https://www.amazon.com/Who-Will-Cry-When-You/dp/8179922324?_encoding=UTF8&psc=1
 , Author:  Robin  Sharma
 , Price:  ₹ 125.00
 , Number_of_Ratings:  3,230
 , Average_Rating:  4.5  out  of  5  stars

 
 ,NAME:  A  Modern  Approach  to  Verbal  &  Non-Verbal  Reasoning  by  R.S.  Aggarwal  (2019-20  Session)
 , URL:  https://www.amazon.com/https://www.amazon.com/Modern-Approach-Verbal-Non-Verbal-Reasoning/dp/9352832167?_encoding=UTF8&psc=1
 , Author:  R.S.  Aggarwal
 , Price:  ₹ 499.00
 , Number_of_Ratings:  815
 , Average_Rating:  4.4  out  of  5  stars

 
 ,NAME:  The  Prophet
 , URL:  https://www.amazon.com/https://www.amazon.com/Prophet-Kahlil-Gibran/dp/817234354X?_encoding=UTF8&psc=1
 , Author:  Kahlil  Gibran
 , Price:  ₹ 48.00
 , Number_of_Ratings:  483
 , Average_Rating:  4.5  out  of  5  stars

 
 ,NAME:  Man's  Search  for  Meaning
 , URL:  https://www.amazon.com/https://www.amazon.com/Mans-Search-Meaning-Viktor-Frankl/dp/1846041244?_encoding=UTF8&psc=1
 , Author:  Viktor  E  Frankl
 , Price:  ₹ 138.00
 , Number_of_Ratings:  913
 , Average_Rating:  4.3  out  of  5  stars

 
 ,NAME:  25  Years  UPSC  IAS/  IPS  Prelims  Topic-wise  Solved  Papers  1  &  2  (1995-2019)
 , URL:  https://www.amazon.com/https://www.amazon.com/Prelims-Topic-wise-Solved-Papers-1995-2019/dp/9389187389?_encoding=UTF8&psc=1
 , Author:  Disha  Experts
 , Price:  ₹ 314.00
 , Number_of_Ratings:  159
 , Average_Rating:  4.2  out  of  5  stars

 
 ,NAME:  Certificate  Physical  And  Human  Geography;  Indian  Edition
 , URL:  https://www.amazon.com/https://www.amazon.com/Certificate-Physics-Human-Geography-Indian/dp/0195628160?_encoding=UTF8&psc=1
 , Author:  Goh  Cheng  Leong
 , Price:  ₹ 233.00
 , Number_of_Ratings:  1,341
 , Average_Rating:  4.3  out  of  5  stars

 
 ,NAME:  Grandma's  Bag  of  Stories
 , URL:  https://www.amazon.com/https://www.amazon.com/Grandmas-Bag-Stories-Sudha-Murty/dp/0143333623?_encoding=UTF8&psc=1
 , Author:  Sudha  Murty
 , Price:  ₹ 149.00
 , Number_of_Ratings:  696
 , Average_Rating:  4.5  out  of  5  stars

 
 ,NAME:  The  Magic  of  the  Lost  Temple
 , URL:  https://www.amazon.com/https://www.amazon.com/Magic-Lost-Temple-Sudha-Murty/dp/014333316X?_encoding=UTF8&psc=1
 , Author:  Sudha  Murty
 , Price:  ₹ 97.00
 , Number_of_Ratings:  435
 , Average_Rating:  4.7  out  of  5  stars

 
 ,NAME:  The  Richest  Man  in  Babylon
 , URL:  https://www.amazon.com/https://www.amazon.com/Richest-Man-Babylon-George-Clason/dp/9388144317?_encoding=UTF8&psc=1
 , Author:  George  S.  Clason
 , Price:  ₹ 91.00
 , Number_of_Ratings:  636
 , Average_Rating:  4.4  out  of  5  stars

 
 ,NAME:  101  Panchatantra  Stories
 , URL:  https://www.amazon.com/https://www.amazon.com/101-Panchatantra-Stories-Dreamland-Publications/dp/938797149X?_encoding=UTF8&psc=1
 , Author:  Dreamland  Publications
 , Price:  ₹ 107.00
 , Number_of_Ratings:  177
 , Average_Rating:  4.4  out  of  5  stars

 
 ,NAME:  Wish  I  Could  Tell  You
 , URL:  https://www.amazon.com/https://www.amazon.com/Wish-I-Could-Tell-You/dp/0143448331?_encoding=UTF8&psc=1
 , Author:  Durjoy  Datta
 , Price:  ₹ 131.00
 , Number_of_Ratings:  139
 , Average_Rating:  4.7  out  of  5  stars

 
 ,NAME:  Ram  -  Scion  of  Ikshvaku  (Ram  Chandra)
 , URL:  https://www.amazon.com/https://www.amazon.com/Ram-Scion-Ikshvaku-Chandra-Updated/dp/9385152149?_encoding=UTF8&psc=1
 , Author:  Amish  Tripathi
 , Price:  ₹ 250.00
 , Number_of_Ratings:  4,450
 , Average_Rating:  4.1  out  of  5  stars

 
 ,NAME:  What  the  Economy  Needs  Now
 , URL:  https://www.amazon.com/https://www.amazon.com/What-Economy-Needs-Abhijit-Banerjee/dp/9353450314?_encoding=UTF8&psc=1
 , Author:  Abhijit  Banerjee
 , Price:  ₹ 340.00
 , Number_of_Ratings:  18
 , Average_Rating:  3.6  out  of  5  stars

 
 ,NAME:  The  Complete  Novels  of  Sherlock  Holmes
 , URL:  https://www.amazon.com/https://www.amazon.com/Complete-Novels-Sherlock-Holmes/dp/8175994312?_encoding=UTF8&psc=1
 , Author:  Arthur  Conan  Doyle
 , Price:  ₹ 133.00
 , Number_of_Ratings:  703
 , Average_Rating:  4.5  out  of  5  stars

 
 ,NAME:  Peppa  Pig:  Little  Library  (3  to  6  years)
 , URL:  https://www.amazon.com/https://www.amazon.com/Peppa-Pig-Little-Library-Ladybird/dp/1409303187?_encoding=UTF8&psc=1
 , Author:  Peppa  Pig
 , Price:  ₹ 120.00
 , Number_of_Ratings:  920
 , Average_Rating:  4.1  out  of  5  stars

 
 ,NAME:  Three  Thousand  Stitches:  Ordinary  People,  Extraordinary  Lives
 , URL:  https://www.amazon.com/https://www.amazon.com/Three-Thousand-Stitches-Ordinary-Extraordinary/dp/0143440055?_encoding=UTF8&psc=1
 , Author:  Sudha  Murty
 , Price:  ₹ 116.00
 , Number_of_Ratings:  642
 , Average_Rating:  4.5  out  of  5  stars

 
 ,NAME:  The  Theory  of  Everything
 , URL:  https://www.amazon.com/https://www.amazon.com/Theory-Everything-Stephen-Hawking/dp/8179925919?_encoding=UTF8&psc=1
 , Author:  Stephen  Hawking
 , Price:  ₹ 151.00
 , Number_of_Ratings:  840
 , Average_Rating:  4.6  out  of  5  stars

 
 ,NAME:  Life  is  What  You  Make  It
 , URL:  https://www.amazon.com/https://www.amazon.com/Life-What-Make-Preeti-Shenoy/dp/9380349300?_encoding=UTF8&psc=1
 , Author:  Preeti  Shenoy
 , Price:  ₹ 73.00
 , Number_of_Ratings:  3,340
 , Average_Rating:  4.0  out  of  5  stars

 
 ,NAME:  Oswaal  CBSE  Sample  Question  Paper  Class  10  Mathematics  Standard  (For  March  2020  Exam)
 , URL:  https://www.amazon.com/https://www.amazon.com/Oswaal-Sample-Question-Mathematics-Standard/dp/9389340691?_encoding=UTF8&psc=1
 , Author:  Oswaal  Editorial  Board
 , Price:  ₹ 179.00
 , Number_of_Ratings:  49
 , Average_Rating:  5.0  out  of  5  stars

 
 ,NAME:  Oswaal  CBSE  Question  Bank  Class  10  Science  Chapterwise  &  Topicwise  Includes  Objective  Types  &  MCQ's  (For  March  2020  Exam)
 , URL:  https://www.amazon.com/https://www.amazon.com/Question-Science-Chapterwise-Topicwise-Objective/dp/9388462726?_encoding=UTF8&psc=1
 , Author:  Oswaal  Editorial  Board
 , Price:  ₹ 336.00
 , Number_of_Ratings:  111
 , Average_Rating:  4.5  out  of  5  stars

 
 ,NAME:  The  7  Habits  of  Highly  Effective  People
 , URL:  https://www.amazon.com/https://www.amazon.com/Habits-Highly-Effective-People/dp/1471131823?_encoding=UTF8&psc=1
 , Author:  R.  Stephen  Covey
 , Price:  ₹ 274.00
 , Number_of_Ratings:  1,408
 , Average_Rating:  4.1  out  of  5  stars

 
 ,NAME:  505  Activities  for  Kids
 , URL:  https://www.amazon.com/https://www.amazon.com/505-Activities-Kids-Dreamland-Publications/dp/935089968X?_encoding=UTF8&psc=1
 , Author:  Dreamland  Publications
 , Price:  ₹ 161.00
 , Number_of_Ratings:  277
 , Average_Rating:  4.5  out  of  5  stars

 
 ,NAME:  Environment  By  Shankar  (6th)  Revised  Edition  (2019-2020  Session)
 , URL:  https://www.amazon.com/https://www.amazon.com/Environment-SHANKAR-6th-Revised-2018/dp/B07KF7H5JS?_encoding=UTF8&psc=1
 , Author:  Shankar
 , Price:  ₹ 273.00
 , Number_of_Ratings:  995
 , Average_Rating:  4.2  out  of  5  stars

 
 ,NAME:  Objective  General  English
 , URL:  https://www.amazon.com/https://www.amazon.com/Objective-General-English-S-P-Bakshi/dp/9351768449?_encoding=UTF8&psc=1
 , Author:  S.P.  Bakshi
 , Price:  ₹ 148.00
 , Number_of_Ratings:  2,186
 , Average_Rating:  4.2  out  of  5  stars

 
 ,NAME:  Raavan  :  Aryavart  Ka  Shatru  (Ram  Chandra)
 , URL:  https://www.amazon.com/https://www.amazon.com/Raavan-Aryavart-Shatru-Ram-Chandra/dp/9388754360?_encoding=UTF8&psc=1
 , Author:  Amish  Tripathi
 , Price:  ₹ 235.00
 , Number_of_Ratings:  28
 , Average_Rating:  4.2  out  of  5  stars

 
 ,NAME:  Rich  Dad  Poor  Dad  -  20th  Anniversary  Edition
 , URL:  https://www.amazon.com/https://www.amazon.com/Rich-Dad-Poor-Robert-Kiyosaki/dp/8186775218?_encoding=UTF8&psc=1
 , Author:  Robert  T.  Kiyosaki
 , Price:  ₹ 119.00
 , Number_of_Ratings:  1,274
 , Average_Rating:  4.6  out  of  5  stars

 
 ,NAME:  How  to  Stop  Worrying  and  Start  Living:  Time-Tested  Methods  for  Conquering  Worry
 , URL:  https://www.amazon.com/https://www.amazon.com/How-Stop-Worrying-Start-Living/dp/8175993952?_encoding=UTF8&psc=1
 , Author:  Dale  Carnegie
 , Price:  ₹ 88.00
 , Number_of_Ratings:  982
 , Average_Rating:  4.5  out  of  5  stars

 
 ,NAME:  High  School  English  Grammar  and  Composition  Book  (Regular  Edition)
 , URL:  https://www.amazon.com/https://www.amazon.com/School-English-Grammar-Composition-Regular/dp/9352530144?_encoding=UTF8&psc=1
 , Author:  D
 , Price:  ₹ 274.00
 , Number_of_Ratings:  862
 , Average_Rating:  4.4  out  of  5  stars

 
 ,NAME:  Thinking,  Fast  and  Slow  (Penguin  Press  Non-Fiction)
 , URL:  https://www.amazon.com/https://www.amazon.com/Thinking-Fast-Penguin-Press-Non-Fiction/dp/0141033576?_encoding=UTF8&psc=1
 , Author:  Daniel  Kahneman
 , Price:  ₹ 224.00
 , Number_of_Ratings:  943
 , Average_Rating:  4.3  out  of  5  stars

 
 ,NAME:  Deep  Work:  Rules  for  Focused  Success  in  a  Distracted  World
 , URL:  https://www.amazon.com/https://www.amazon.com/Deep-Work-Focused-Success-Distracted/dp/0349413681?_encoding=UTF8&psc=1
 , Author:  Cal  Newport
 , Price:  ₹ 208.00
 , Number_of_Ratings:  512
 , Average_Rating:  4.4  out  of  5  stars

 
 ,NAME:  Oswaal  CBSE  Sample  Question  Paper  Class  10  Science  (For  March  2020  Exam)
 , URL:  https://www.amazon.com/https://www.amazon.com/Oswaal-Sample-Question-Paper-Science/dp/9389340713?_encoding=UTF8&psc=1
 , Author:  Oswaal  Editorial  Board
 , Price:  ₹ 176.00
 , Number_of_Ratings:  44
 , Average_Rating:  4.8  out  of  5  stars

 
 ,NAME:  General  Knowledge  2020
 , URL:  https://www.amazon.com/https://www.amazon.com/General-Knowledge-2020-Arihant-Experts/dp/9313191679?_encoding=UTF8&psc=1
 , Author:  Arihant  Experts
 , Price:  ₹ 95.00
 , Number_of_Ratings:  277
 , Average_Rating:  4.0  out  of  5  stars

 
 ,NAME:  My  Little  Epiphanies  (Movie  Tie-in  edition)
 , URL:  https://www.amazon.com/https://www.amazon.com/My-Little-Epiphanies-Aisha-Choudhary/dp/9384898201?_encoding=UTF8&psc=1
 , Author:  Aisha  Choudhary
 , Price:  ₹ 280.00
 , Number_of_Ratings:  64
 , Average_Rating:  4.7  out  of  5  stars

 
 ,NAME:  The  Tyrant’s  Tomb  (The  Trials  of  Apollo  Book  4)
 , URL:  https://www.amazon.com/https://www.amazon.com/Tyrants-Tomb-Trials-Apollo-Book/dp/0141364041?_encoding=UTF8&psc=1
 , Author:  Rick  Riordan
 , Price:  ₹ 455.00
 , Number_of_Ratings:  24
 , Average_Rating:  4.6  out  of  5  stars

 
 ,NAME:  Good  Economics  for  Hard  Times  :  Better  Answers  to  Our  Biggest  Problems
 , URL:  https://www.amazon.com/https://www.amazon.com/Good-Economics-Hard-Times-Problems/dp/9353450705?_encoding=UTF8&psc=1
 , Author:  Esther  Duflo  Abhijit  Banerjee
 , Price:  ₹ 559.00
 , Ber-of-Ratings:  Not  Available , Rating:  Not  Available 
 ,NAME:  Apke  Avchetan  Man  Ki  Shakti  (The  Power  of  your  Subconscious  Mind  in  Hindi)
 , URL:  https://www.amazon.com/https://www.amazon.com/Avchetan-Shakti-Power-Subconscious-Hindi/dp/8175993669?_encoding=UTF8&psc=1
 , Author:  Joseph  Murphy
 , Price:  ₹ 91.00
 , Number_of_Ratings:  978
 , Average_Rating:  4.5  out  of  5  stars

 
 ,NAME:  Eat  That  Frog!:  21  Great  Ways  to  Stop  Procrastinating  and  Get  More  Done  in  Less  Time
 , URL:  https://www.amazon.com/https://www.amazon.com/Eat-That-Frog-Great-Procrastinating/dp/152309513X?_encoding=UTF8&psc=1
 , Author:  Brian  Tracy
 , Price:  ₹ 126.00
 , Number_of_Ratings:  418
 , Average_Rating:  4.6  out  of  5  stars

 
 ,NAME:  1001  Activities  Book
 , URL:  https://www.amazon.com/https://www.amazon.com/1001-Activities-Book-Dreamland-Publications/dp/9350897245?_encoding=UTF8&psc=1
 , Author:  Dreamland  Publications
 , Price:  ₹ 231.00
 , Number_of_Ratings:  426
 , Average_Rating:  4.5  out  of  5  stars

 
 ,NAME:  All  In  One  Science  CBSE  class  10  2019-20
 , URL:  https://www.amazon.com/https://www.amazon.com/All-Science-CBSE-class-2019-20/dp/9313194295?_encoding=UTF8&psc=1
 , Author:  Arihant  Experts
 , Price:  ₹ 257.00
 , Number_of_Ratings:  175
 , Average_Rating:  4.5  out  of  5  stars

 
 ,NAME:  Fast  Track  Objective  Arithmetic
 , URL:  https://www.amazon.com/https://www.amazon.com/Track-Objective-Arithmetic-Rajesh-Verma/dp/9312149830?_encoding=UTF8&psc=1
 , Author:  Rajesh  Verma
 , Price:  ₹ 240.00
 , Number_of_Ratings:  656
 , Average_Rating:  4.3  out  of  5  stars

 
 ,NAME:  A  Brief  History  of  Time:  From  Big  Bang  to  Black  Holes
 , URL:  https://www.amazon.com/https://www.amazon.com/Brief-History-Time-Black-Holes/dp/0553175211?_encoding=UTF8&psc=1
 , Author:  Stephen  Hawking
 , Price:  ₹ 188.00
 , Number_of_Ratings:  951
 , Average_Rating:  4.5  out  of  5  stars

 
 ,NAME:  The  Anarchy:  The  East  India  Company,  Corporate  Violence,  and  the  Pillage  of  an  Empire
 , URL:  https://www.amazon.com/https://www.amazon.com/Anarchy-Company-Corporate-Violence-Pillage/dp/1526618508?_encoding=UTF8&psc=1
 , Author:  William  Dalrymple
 , Price:  ₹ 650.00
 , Number_of_Ratings:  54
 , Average_Rating:  4.6  out  of  5  stars

 
 ,NAME:  Oxford  English  Mini  Dictionary  -  Indian  Edition
 , URL:  https://www.amazon.com/https://www.amazon.com/Oxford-English-Mini-Dictionary-Indian/dp/0198075553?_encoding=UTF8&psc=1
 , Author:  Dictionaries
 , Price:  ₹ 90.00
 , Number_of_Ratings:  628
 , Average_Rating:  4.3  out  of  5  stars

 
 ,NAME:  General  Knowledge  2020
 , URL:  https://www.amazon.com/https://www.amazon.com/General-Knowledge-2020-Arihant-Experts/dp/9313191652?_encoding=UTF8&psc=1
 , Author:  Arihant  Experts
 , Price:  ₹ 29.00
 , Number_of_Ratings:  338
 , Average_Rating:  4.2  out  of  5  stars

 
 ,NAME:  Koi  Deewana  Kahta  Hai
 , URL:  https://www.amazon.com/https://www.amazon.com/Koi-Deewana-Kahta-Kumar-Vishwas/dp/9350831708?_encoding=UTF8&psc=1
 , Author:  Kumar  Vishwas
 , Price:  ₹ 106.00
 , Number_of_Ratings:  161
 , Average_Rating:  4.3  out  of  5  stars

 
 ,NAME:  Amazon  Brand  -  Solimo  Board  Books  for  Kids  (Set  of  10)
 , URL:  https://www.amazon.com/https://www.amazon.com/Amazon-Brand-Solimo-Board-Books/dp/B07BF3T95C?_encoding=UTF8&psc=1
 , Author:  Solimo
 , Price:  ₹ 399.00
 , Number_of_Ratings:  506
 , Average_Rating:  4.6  out  of  5  stars

 
 ,NAME:  ट्वेल्थ  फेल  |  TWELFTH  FAIL  |  12th  Fail
 , URL:  https://www.amazon.com/https://www.amazon.com/%E0%A4%9F%E0%A5%8D%E0%A4%B5%E0%A5%87%E0%A4%B2%E0%A5%8D%E0%A4%A5-TWELFTH-FAIL-12th-Fail/dp/8194170109?_encoding=UTF8&psc=1
 , Author:  Anurag  Pathak
 , Price:  ₹ 196.00
 , Number_of_Ratings:  48
 , Average_Rating:  4.8  out  of  5  stars

 
 ,NAME:  Oxford  Student  Atlas  for  India,  Competitive  Exams  2nd  Edition
 , URL:  https://www.amazon.com/https://www.amazon.com/Oxford-Student-Atlas-India-Competitive/dp/0199485127?_encoding=UTF8&psc=1
 , Author:  Oxford  University  Press
 , Price:  ₹ 236.00
 , Number_of_Ratings:  853
 , Average_Rating:  4.5  out  of  5  stars

 
 ,NAME:  India's  Struggle  for  Independence:  1857-1947
 , URL:  https://www.amazon.com/https://www.amazon.com/Indias-Struggle-Independence-Bipan-Chandra/dp/0140107819?_encoding=UTF8&psc=1
 , Author:  Bipan  Chandra
 , Price:  ₹ 171.00
 , Number_of_Ratings:  1,023
 , Average_Rating:  4.4  out  of  5  stars

 
 ,NAME:  Becoming
 , URL:  https://www.amazon.com/https://www.amazon.com/Becoming-Michelle-Obama/dp/0241334144?_encoding=UTF8&psc=1
 , Author:  Michelle  Obama
 , Price:  ₹ 438.00
 , Number_of_Ratings:  329
 , Average_Rating:  4.6  out  of  5  stars

 
 ,NAME:  Nothing  Ventured
 , URL:  https://www.amazon.com/https://www.amazon.com/Nothing-Ventured-Jeffrey-Archer/dp/1529014913?_encoding=UTF8&psc=1
 , Author:  Jeffrey  Archer
 , Price:  ₹ 245.00
 , Number_of_Ratings:  38
 , Average_Rating:  4.1  out  of  5  stars

 
 ,NAME:  The  Fault  in  our  Stars
 , URL:  https://www.amazon.com/https://www.amazon.com/Fault-our-Stars-John-Green/dp/0141345659?_encoding=UTF8&psc=1
 , Author:  John  Green
 , Price:  ₹ 190.00
 , Number_of_Ratings:  1,631
 , Average_Rating:  4.5  out  of  5  stars

 
 ,NAME:  The  Blue  Umbrella
 , URL:  https://www.amazon.com/https://www.amazon.com/Blue-Umbrella-Ruskin-Bond/dp/8171673406?_encoding=UTF8&psc=1
 , Author:  Ruskin  Bond
 , Price:  ₹ 94.00
 , Number_of_Ratings:  566
 , Average_Rating:  4.4  out  of  5  stars

 
 ,NAME:  1984
 , URL:  https://www.amazon.com/https://www.amazon.com/1984-George-Orwell/dp/8192910903?_encoding=UTF8&psc=1
 , Author:  George  Orwell
 , Price:  ₹ 95.00
 , Number_of_Ratings:  1,105
 , Average_Rating:  4.5  out  of  5  stars

 
 ,NAME:  The  Official  Cambridge  Guide  To  Ielts  Student's  Book  With  Answers  With  Dvd  Rom
 , URL:  https://www.amazon.com/https://www.amazon.com/Official-Cambridge-Guide-Students-Answers/dp/110744277X?_encoding=UTF8&psc=1
 , Author:  Pauline  Cullen
 , Price:  ₹ 345.00
 , Number_of_Ratings:  575
 , Average_Rating:  4.1  out  of  5  stars

 
 ,NAME:  Rapid  General  Knowledge  2020  for  Competitive  Exams  2nd  Edition
 , URL:  https://www.amazon.com/https://www.amazon.com/Rapid-General-Knowledge-Competitive-Exams/dp/9388919300?_encoding=UTF8&psc=1
 , Author:  Disha  Experts
 , Price:  ₹ 29.00
 , Number_of_Ratings:  162
 , Average_Rating:  3.9  out  of  5  stars

 
 ,NAME:  Journey  to  the  Centre  of  the  Earth
 , URL:  https://www.amazon.com/https://www.amazon.com/Journey-Centre-Earth-Jules-Verne/dp/8175994053?_encoding=UTF8&psc=1
 , Author:  Jules  Verne
 , Price:  ₹ 55.00
 , Number_of_Ratings:  131
 , Average_Rating:  4.4  out  of  5  stars

 
 ,NAME:  Oswaal  CBSE  Sample  Question  Paper  Class  10  Social  Science  (For  March  2020  Exam)
 , URL:  https://www.amazon.com/https://www.amazon.com/Oswaal-Sample-Question-Social-Science/dp/9389340721?_encoding=UTF8&psc=1
 , Author:  Oswaal  Editorial  Board
 , Price:  ₹ 179.00
 , Number_of_Ratings:  42
 , Average_Rating:  4.8  out  of  5  stars

 
 ,NAME:  Believe  in  Yourself
 , URL:  https://www.amazon.com/https://www.amazon.com/Believe-Yourself-Dr-Joseph-Murphy/dp/8183225098?_encoding=UTF8&psc=1
 , Author:  Dr.  Joseph  Murphy
 , Price:  ₹ 61.00
 , Number_of_Ratings:  650
 , Average_Rating:  4.1  out  of  5  stars

 
 ,NAME:  Homo  Deus:  A  Brief  History  of  Tomorrow
 , URL:  https://www.amazon.com/https://www.amazon.com/Homo-Deus-Brief-History-Tomorrow/dp/1784703931?_encoding=UTF8&psc=1
 , Author:  Yuval  Noah  Harari
 , Price:  ₹ 298.00
 , Number_of_Ratings:  419
 , Average_Rating:  4.5  out  of  5  stars

 
 ,NAME:  World  Map
 , URL:  https://www.amazon.com/https://www.amazon.com/World-Map-Dreamland-Publications/dp/8184511213?_encoding=UTF8&psc=1
 , Author:  Dreamland  Publications
 , Price:  ₹ 98.00
 , Number_of_Ratings:  1,348
 , Average_Rating:  4.5  out  of  5  stars

 
 ,NAME:  Sita:  Warrior  of  Mithila  (Ram  Chandra  Series  -  Book  2)
 , URL:  https://www.amazon.com/https://www.amazon.com/Sita-Warrior-Mithila-Ram-Chandra/dp/9386224585?_encoding=UTF8&psc=1
 , Author:  Amish  Tripathi
 , Price:  ₹ 252.00
 , Number_of_Ratings:  2,155
 , Average_Rating:  4.3  out  of  5  stars

 
 ,NAME:  Harry  Potter  and  the  Philosopher's  Stone
 , URL:  https://www.amazon.com/https://www.amazon.com/Harry-Potter-Philosophers-Stone-Rowling/dp/1408855658?_encoding=UTF8&psc=1
 , Author:  J.K.  Rowling
 , Price:  ₹ 320.00
 , Number_of_Ratings:  1,488
 , Average_Rating:  4.7  out  of  5  stars

 
 ,NAME:  Revenge  of  the  chandalas  (The  chronicles  of  kosala)
 , URL:  https://www.amazon.com/https://www.amazon.com/Revenge-chandalas-chronicles-kosala-Sandeep/dp/9387390799?_encoding=UTF8&psc=1
 , Author:  Sandeep  Nayyar
 , Price:  ₹ 70.00
 , Ber-of-Ratings:  Not  Available , Rating:  Not  Available 
 ,NAME:  Indian  Economy  for  Civil  Services,  Universities  and  other  examinations
 , URL:  https://www.amazon.com/https://www.amazon.com/Indian-Economy-Services-Universities-examinations/dp/9353166365?_encoding=UTF8&psc=1
 , Author:  Ramesh  Singh
 , Price:  ₹ 364.00
 , Number_of_Ratings:  496
 , Average_Rating:  4.0  out  of  5  stars

 
 ,NAME:  The  Diary  of  a  Young  Girl
 , URL:  https://www.amazon.com/https://www.amazon.com/Diary-Young-Girl-Anne-Frank/dp/8193387600?_encoding=UTF8&psc=1
 , Author:  Anne  Frank
 , Price:  ₹ 93.00
 , Number_of_Ratings:  653
 , Average_Rating:  4.4  out  of  5  stars

 
 ,NAME:  Oswaal  CBSE  Question  Bank  Class  10  Social  Science  Chapterwise  &  Topicwise  Includes  Objective  Types  &  MCQ's  (For  March  2020  Exam)
 , URL:  https://www.amazon.com/https://www.amazon.com/Question-Science-Chapterwise-Topicwise-Objective/dp/9389067391?_encoding=UTF8&psc=1
 , Author:  Oswaal  Editorial  Board
 , Price:  ₹ 378.00
 , Number_of_Ratings:  107
 , Average_Rating:  4.6  out  of  5  stars

 
 ,NAME:  Zero  to  One:  Note  on  Start  Ups,  or  How  to  Build  the  Future
 , URL:  https://www.amazon.com/https://www.amazon.com/Zero-One-Start-Build-Future/dp/0753555190?_encoding=UTF8&psc=1
 , Author:  Peter  Thiel
 , Price:  ₹ 274.00
 , Number_of_Ratings:  1,274
 , Average_Rating:  4.3  out  of  5  stars

 
 ,NAME:  The  Power  of  Your  Subconscious  Mind
 , URL:  https://www.amazon.com/https://www.amazon.com/Power-Your-Subconscious-Mind-Success/dp/8172345666?_encoding=UTF8&psc=1
 , Author:  Joseph  Murphy
 , Price:  ₹ 99.00
 , Number_of_Ratings:  6,389
 , Average_Rating:  4.6  out  of  5  stars

 
 ,NAME:  Oxford  School  Atlas  35th  Edition  (with  Oxford  AREAL  App  Access)
 , URL:  https://www.amazon.com/https://www.amazon.com/Oxford-School-Atlas-AREAL-Access/dp/0199495149?_encoding=UTF8&psc=1
 , Author:  Oxford  University  Press
 , Price:  ₹ 186.00
 , Number_of_Ratings:  74
 , Average_Rating:  4.4  out  of  5  stars

 
 ,NAME:  Emotion  and  Relationships
 , URL:  https://www.amazon.com/https://www.amazon.com/Emotion-Relationships-Sadhguru/dp/9386867508?_encoding=UTF8&psc=1
 , Author:  Sadhguru
 , Price:  ₹ 128.00
 , Number_of_Ratings:  308
 , Average_Rating:  4.6  out  of  5  stars

 
